ablation,variant,test_recall@20,test_ndcg@20,recall@20_std,source,note,test_recall@10,test_ndcg@10
1. MF vs GraphSAGE,MF-BPR,0.11427429996688525,0.29482830007486943,0.002345372646334322,main_results.csv,,,
1. MF vs GraphSAGE,GraphSAGE,0.11231146039072387,0.28851290430747395,0.0009712464651724014,main_results.csv,,,
2. GraphSAGE vs GAT,GraphSAGE,0.11231146039072387,0.28851290430747395,0.0009712464651724014,main_results.csv,,,
2. GraphSAGE vs GAT,GAT,0.11385569601602812,0.2860979565670403,0.0017249531678054765,main_results.csv,,,
3. Node2Vec vs GraphSAGE vs GAT,Node2Vec,0.10401266836829047,0.2637004790332375,0.004337364801374486,main_results.csv,,,
3. Node2Vec vs GraphSAGE vs GAT,GraphSAGE,0.11231146039072387,0.28851290430747395,0.0009712464651724014,main_results.csv,,,
3. Node2Vec vs GraphSAGE vs GAT,GAT,0.11385569601602812,0.2860979565670403,0.0017249531678054765,main_results.csv,,,
4. graph / content / hybrid,"collaborative only (id, no graph)",0.11401466502091061,0.288966332331616,0.0004221140463536926,hybrid_results.csv,cold users recall@20 0.1107,,
4. graph / content / hybrid,"content only (no id, no graph)",0.0926560276807082,0.24284988514581238,0.0020235745275083814,hybrid_results.csv,cold users recall@20 0.0978,,
4. graph / content / hybrid,id + content (no graph),0.1120272465996855,0.27960645438585124,0.001946475080866198,hybrid_results.csv,cold users recall@20 0.1071,,
4. graph / content / hybrid,graph only (id + graph),0.12089107776012527,0.2981984726861076,0.0015881679650685528,hybrid_results.csv,cold users recall@20 0.1121,,
4. graph / content / hybrid,content + graph (no id),0.1157457047506324,0.2865968062806959,0.0008203691909505428,hybrid_results.csv,cold users recall@20 0.1161,,
4. graph / content / hybrid,hybrid (id + content + graph),0.1215706688836707,0.2997725582493671,0.0029559469867798745,hybrid_results.csv,cold users recall@20 0.1148,,
5. diversity re-ranking,MMR lambda=1.0 (none),,,,diversity_results.csv,"diversity@10 0.670, coverage@10 0.098, novelty@10 2.06",0.0800266571961296,0.3295890344637309
5. diversity re-ranking,MMR lambda=0.9 (genre),,,,diversity_results.csv,"diversity@10 0.701, coverage@10 0.095, novelty@10 2.05",0.080364770931834,0.3282946249496427
6. interaction-data size,MF-BPR @ 100%,0.11427429996688525,0.29482830007486943,0.002345372646334322,sparsity_results.csv,,,
6. interaction-data size,MF-BPR @ 50%,0.11061064307109543,0.2818514597060316,0.0012247008353828306,sparsity_results.csv,,,
6. interaction-data size,MF-BPR @ 20%,0.09744146899138596,0.26058640647384523,0.003442460198370816,sparsity_results.csv,,,
6. interaction-data size,MF-BPR @ 10%,0.08880139817906524,0.24429853263165002,0.005007576176469624,sparsity_results.csv,,,
6. interaction-data size,GraphSAGE @ 100%,0.11231146039072387,0.28851290430747395,0.0009712464651724014,sparsity_results.csv,,,
6. interaction-data size,GraphSAGE @ 50%,0.0993629127805512,0.2627506894022432,0.004207945948897271,sparsity_results.csv,,,
6. interaction-data size,GraphSAGE @ 20%,0.0994932710487766,0.2644919597783844,0.0019137595987466184,sparsity_results.csv,,,
6. interaction-data size,GraphSAGE @ 10%,0.09577280403191812,0.2584992047653872,0.002654433486951685,sparsity_results.csv,,,
6. interaction-data size,GAT @ 100%,0.11385569601602812,0.2860979565670403,0.0017249531678054765,sparsity_results.csv,,,
6. interaction-data size,GAT @ 50%,0.11209341301948557,0.28330880610762077,0.0025584271453146525,sparsity_results.csv,,,
6. interaction-data size,GAT @ 20%,0.10426525577402627,0.2718597572460099,0.004013569649033595,sparsity_results.csv,,,
6. interaction-data size,GAT @ 10%,0.09751808934894363,0.258641120259613,0.001523599887626062,sparsity_results.csv,,,
6. interaction-data size,Hybrid (id+content+graph) @ 100%,0.1223782516196002,0.2988127350370961,0.002525886365474802,sparsity_results.csv,,,
6. interaction-data size,Hybrid (id+content+graph) @ 50%,0.11659854685160627,0.29265828307687,0.002566706671622802,sparsity_results.csv,,,
6. interaction-data size,Hybrid (id+content+graph) @ 20%,0.11156774969771104,0.2854196766566618,0.0014505693577417965,sparsity_results.csv,,,
6. interaction-data size,Hybrid (id+content+graph) @ 10%,0.10715295057350364,0.2759187874924586,0.0021228150754208338,sparsity_results.csv,,,
7. warm vs cold users,MF-BPR / warm,0.1167681362539224,0.2549578958432994,0.003409720009368819,main_results.csv,,,
7. warm vs cold users,MF-BPR / sparse,0.10666740557212107,0.2606248564317434,0.005260308072054148,main_results.csv,,,
7. warm vs cold users,MF-BPR / cold,0.11222073304797774,0.36309539741668506,0.0011588094175962972,main_results.csv,,,
7. warm vs cold users,GraphSAGE / warm,0.11152274651133054,0.24528352229040218,0.00043620386817989193,main_results.csv,,,
7. warm vs cold users,GraphSAGE / sparse,0.1119393626681376,0.2506962361626501,0.0039941118280672995,main_results.csv,,,
7. warm vs cold users,GraphSAGE / cold,0.1135926653533823,0.3626977199364027,0.0028018164917155137,main_results.csv,,,
7. warm vs cold users,Hybrid (id+content+graph) / warm,0.12617454974277517,0.25516189055987654,0.0045658640341177635,main_results.csv,,,
7. warm vs cold users,Hybrid (id+content+graph) / sparse,0.1349922994478767,0.284158070796298,0.010708571348722917,main_results.csv,,,
7. warm vs cold users,Hybrid (id+content+graph) / cold,0.11375014359015971,0.36836959407131453,0.0016774529355409631,main_results.csv,,,
9. candidate count,xgb N=50,0.1305423408979786,0.315506249137799,,ranking_results.csv,held-out val recall@20 0.1179,,
9. candidate count,xgb N=100,0.1379965803259275,0.3196762133344339,,ranking_results.csv,held-out val recall@20 0.1249,,
8. retrieval only vs retrieval + ranking,retrieval only (N=200),0.1209466558070841,0.3003687801867072,,ranking_results.csv,held-out val recall@20 0.1053,,
8. retrieval only vs retrieval + ranking,logreg (N=200),0.1256766058225798,0.3062834155801703,,ranking_results.csv,held-out val recall@20 0.1198,,
8. retrieval only vs retrieval + ranking,xgb (N=200),0.1434111104766498,0.3274392039582744,,ranking_results.csv,held-out val recall@20 0.1315,,
9. candidate count,xgb N=200,0.1434111104766498,0.3274392039582744,,ranking_results.csv,held-out val recall@20 0.1315,,
8. retrieval only vs retrieval + ranking,neural (N=200),0.1402628608478173,0.3141970921088418,,ranking_results.csv,held-out val recall@20 0.1281,,
8b. where the ranker's training labels come from,retrieval only,0.1209466558070841,0.3003687801867072,,ranking_temporal_check.csv,"warm 0.1241, cold 0.1151",,
8b. where the ranker's training labels come from,xgb trained on validation users (same period as test),0.1434111104766498,0.3274392039582744,,ranking_temporal_check.csv,"warm 0.1584, cold 0.1205",,
8b. where the ranker's training labels come from,xgb trained only on data before the cutoff (strictly temporal),0.1328900774278269,0.3118528388128083,,ranking_temporal_check.csv,"warm 0.1427, cold 0.1174",,
10. GNN design choices,graphsage: target edges kept in message passing,0.1118459595370911,0.283669470868218,,gnn_ablation_runs.csv,"val recall@20 0.1158, cold recall@20 0.1105",,
10. GNN design choices,graphsage: unknown-user row trained with edges (no cold simulation),0.1110292845808928,0.2788335543135166,,gnn_ablation_runs.csv,"val recall@20 0.1154, cold recall@20 0.1103",,
10. GNN design choices,graphsage: no unknown-user embedding (id dropout 0),0.1082804626631919,0.2781985020821979,,gnn_ablation_runs.csv,"val recall@20 0.1136, cold recall@20 0.1047",,
10. GNN design choices,graphsage: 2 layers (patience 50),0.1140016314585666,0.2832232473667438,,gnn_ablation_runs.csv,"val recall@20 0.1160, cold recall@20 0.1105",,
10. GNN design choices,graphsage: 3 layers (patience 50),0.110601583638622,0.2875028372219266,,gnn_ablation_runs.csv,"val recall@20 0.1138, cold recall@20 0.1115",,
10. GNN design choices,graphsage: max aggregation,0.1097211769136113,0.2848746411942676,,gnn_ablation_runs.csv,"val recall@20 0.1165, cold recall@20 0.1092",,
10. GNN design choices,graphsage: jk=last,0.1098882592820827,0.2836384884077993,,gnn_ablation_runs.csv,"val recall@20 0.1147, cold recall@20 0.1108",,
10. GNN design choices,gat: target edges kept in message passing,0.1138588990166359,0.2867604024883154,,gnn_ablation_runs.csv,"val recall@20 0.1141, cold recall@20 0.1107",,
10. GNN design choices,gat: unknown-user row trained with edges (no cold simulation),0.1013731449535044,0.2468136356322041,,gnn_ablation_runs.csv,"val recall@20 0.1019, cold recall@20 0.0713",,
10. GNN design choices,gat: 2 layers (patience 50),0.1194680198442325,0.2890528671256083,,gnn_ablation_runs.csv,"val recall@20 0.1184, cold recall@20 0.1131",,
10. GNN design choices,gat: 3 layers (patience 50),0.1145431945548918,0.2824178846199412,,gnn_ablation_runs.csv,"val recall@20 0.1177, cold recall@20 0.1090",,
10. GNN design choices,gat: 1 head,0.1120686985805015,0.2842459455684415,,gnn_ablation_runs.csv,"val recall@20 0.1179, cold recall@20 0.1075",,
10. GNN design choices,lightgcn: target edges kept in message passing,0.1199513220158481,0.2960326929269544,,gnn_ablation_runs.csv,"val recall@20 0.1221, cold recall@20 0.1125",,
10. GNN design choices,lightgcn: unknown-user row trained with edges (no cold simulation),0.1229373286316987,0.2982771508180179,,gnn_ablation_runs.csv,"val recall@20 0.1214, cold recall@20 0.1130",,
10. GNN design choices,lightgcn: no unknown-user embedding (id dropout 0),0.0874586724616716,0.1876865459942811,,gnn_ablation_runs.csv,"val recall@20 0.0868, cold recall@20 0.0192",,
10. GNN design choices,lightgcn: 2 layers (patience 50),0.1212978983290137,0.3000550341338662,,gnn_ablation_runs.csv,"val recall@20 0.1234, cold recall@20 0.1130",,
10. GNN design choices,lightgcn: 3 layers (patience 50),0.1226410238228188,0.2984708348003927,,gnn_ablation_runs.csv,"val recall@20 0.1224, cold recall@20 0.1126",,
10. GNN design choices,graphsage: selected config,0.11231146039072387,0.28851290430747395,0.0009712464651724014,main_results.csv,val recall@20 0.1159,,
10. GNN design choices,gat: selected config,0.11385569601602812,0.2860979565670403,0.0017249531678054765,main_results.csv,val recall@20 0.1184,,
11. ranking features (XGBoost),all features,0.1434111104766498,0.3274392039582744,,ranking_feature_ablation.csv,32 features,,
11. ranking features (XGBoost),without graph-model scores,0.1394361545100762,0.3219493541227839,,ranking_feature_ablation.csv,27 features,,
11. ranking features (XGBoost),without any model scores,0.1413535643797931,0.3234374117596299,,ranking_feature_ablation.csv,24 features,,
11. ranking features (XGBoost),without hand-made pair features,0.1442604515010006,0.3266711910690497,,ranking_feature_ablation.csv,28 features,,
11. ranking features (XGBoost),only retrieval score + rank,0.1205597000486714,0.2965107019364096,,ranking_feature_ablation.csv,2 features,,
