role,similarity,lambda,n_users,recall@10,ndcg@10,precision@10,mrr,coverage@10,diversity@10,novelty@10,personalization@10,gini@10,tail_share@10,emb_diversity@10
validation,none,1.0,881,0.08049183235336736,0.3243456955151407,0.2975028376844495,0.5175287822279877,0.10064759848893685,0.6671943068504333,2.071761903705446,0.8687769116094376,0.9787547634201187,0.001816118047673121,0.28556451201438904
validation,genre,0.95,881,0.08075139588136875,0.32398780073302913,0.29682179341657206,0.5206592436444877,0.10037776578521317,0.6826137900352478,2.065117205737127,0.8670720802511593,0.9789589296860691,0.0019296254256526701,0.28744637966156006
validation,genre,0.9,881,0.08020307125080355,0.3227363327539757,0.29568671963677645,0.5206299659477865,0.09740960604425257,0.7008522152900696,2.059783848400691,0.8668150211226465,0.9792662510650888,0.0014755959137343622,0.28955382108688354
validation,genre,0.8,881,0.07851429540153283,0.3175321823946661,0.2917139614074915,0.5228920058375223,0.09713977334052887,0.7366780638694763,2.0655569912823575,0.8655799562120045,0.9793694061781583,0.0021566401816117686,0.2975638210773468
validation,genre,0.7,881,0.07685478205834394,0.31175285474495734,0.28569807037457434,0.5217447705529431,0.09660010793308149,0.7771458029747009,2.0915483675936626,0.8655558878903242,0.9794729900832653,0.002383654937570978,0.30993062257766724
validation,genre,0.6,881,0.07223601488178556,0.30206650944103397,0.2750283768444949,0.5202817865700953,0.09821910415542363,0.8185598254203796,2.163110056689861,0.8710452923273171,0.9792666186011211,0.004086265607264439,0.32906612753868103
validation,genre,0.5,881,0.06521208464069865,0.2843029683299586,0.25346197502837686,0.5139406878907447,0.10280626011872639,0.8712794780731201,2.316091442255052,0.8759405907679613,0.9790858521292282,0.008286038592508538,0.36428698897361755
validation,genre,0.3,881,0.05445172630043244,0.2542627777652477,0.2199772985244041,0.5075167108084249,0.10820291419320022,0.9204360842704773,2.5421172799518397,0.8773425212845263,0.977811237169164,0.021112372304199822,0.4129616320133209
validation,mf_embedding,0.95,881,0.08014018914859143,0.3234477667995395,0.2961407491486947,0.5185134136893501,0.10307609282245007,0.667393147945404,2.082578040300917,0.8708108296138488,0.9783308106068449,0.0021566401816117686,0.2880842387676239
validation,mf_embedding,0.9,881,0.07926567779220929,0.3233168702279787,0.29625425652667425,0.5205317730573121,0.10496492174851592,0.6671380400657654,2.0920250697130336,0.8727099138541276,0.9778734732706358,0.0024971623155505274,0.29024621844291687
validation,mf_embedding,0.8,881,0.0796177226365129,0.3221125602150944,0.2955732122587968,0.5199691908545485,0.11090124123043713,0.6701659560203552,2.117814948024539,0.8769369558709582,0.9768151532655883,0.003632236095346242,0.29778167605400085
validation,mf_embedding,0.7,881,0.08036204761684472,0.31930929395222574,0.29284903518728717,0.518869250310794,0.11980572045331894,0.6765533089637756,2.162579586056074,0.8823806486818617,0.9751132776679593,0.006696935300794515,0.3114893138408661
validation,mf_embedding,0.6,881,0.08008297544291741,0.3151551152419546,0.2895573212258797,0.517862097544277,0.13302752293577982,0.6806282997131348,2.243036089241579,0.890377841787008,0.9719995736582024,0.012712826333711735,0.33356714248657227
validation,mf_embedding,0.5,881,0.07990295219495741,0.30744508172493334,0.28217934165720776,0.5166909896762337,0.16028062601187265,0.6885651350021362,2.4497304550317507,0.9016063678148628,0.965528060457227,0.03144154370034047,0.3891793489456177
validation,mf_embedding,0.3,881,0.05323240108996193,0.22762624879349236,0.20306469920544837,0.4710227375096841,0.2792768483540205,0.7214471101760864,3.3709449582583773,0.9490201687460778,0.9158420281128311,0.1490351872871737,0.615885317325592
test,none,1.0,881,0.08002665719612967,0.32958903446373095,0.30556186152099885,0.5318343152622381,0.09794927145169995,0.6703560948371887,2.0643821793556327,0.8660717336611827,0.9794403406323947,0.0020431328036322194,0.2824421525001526
test,genre,0.95,881,0.07939552295896804,0.3278701070535263,0.3035187287173666,0.5335306199664883,0.0960604425256341,0.6844662427902222,2.05516516840942,0.8643148449544231,0.9797516436517645,0.001816118047673121,0.28352099657058716
test,genre,0.9,881,0.08036477093183407,0.3282946249496427,0.3038592508513054,0.5353922310505739,0.09471127900701565,0.701230525970459,2.0522974397931377,0.8632285415145943,0.9798118583050587,0.0019296254256526701,0.28539761900901794
test,genre,0.8,881,0.07538573126892979,0.32297830032550306,0.2986379114642452,0.5334909824694161,0.09444144630329196,0.7377063632011414,2.0573548846101666,0.8611562143165561,0.9799018433769701,0.002270147559591429,0.2926955819129944
test,genre,0.7,881,0.07319364960648425,0.31672008115312766,0.2916004540295119,0.5330937066464876,0.09821910415542363,0.7760149240493774,2.084257984861964,0.8616377250457944,0.9797093770080485,0.003632236095346242,0.30597227811813354
test,genre,0.6,881,0.07087747721488592,0.30731057749404234,0.28036322360953464,0.5313095688521341,0.09875876956287102,0.817150354385376,2.154689549886735,0.8689200892468915,0.979344903776004,0.0057888762769580104,0.3260636031627655
test,genre,0.5,881,0.06352180578840416,0.28900319031804583,0.2566401816118048,0.5289187070969137,0.10199676200755532,0.8696168661117554,2.3132082074788136,0.8742537805040614,0.9788783780389869,0.00964812712826335,0.36241987347602844
test,genre,0.3,881,0.053081227826667375,0.26035525130430887,0.2249716231555051,0.5212191232906329,0.1117107393416082,0.9169239401817322,2.5417524697108407,0.8783429495993115,0.9771389525100567,0.020998864926220162,0.4111070930957794
test,mf_embedding,0.95,881,0.07976739983678499,0.32885186568162406,0.304994324631101,0.532436084535971,0.09956826767404209,0.6715789437294006,2.0715701012314733,0.8675838793452689,0.9791181953000717,0.0020431328036322194,0.2845641076564789
test,mf_embedding,0.9,881,0.07952765062662391,0.3278725959536313,0.3037457434733258,0.533230636181828,0.10064759848893685,0.6717286705970764,2.0809695377470434,0.8695663173471503,0.9787052073117618,0.002270147559591429,0.28688865900039673
test,mf_embedding,0.8,881,0.08062338319302707,0.32708383257633505,0.3030646992054484,0.5342927409329226,0.10712358337830545,0.6741539835929871,2.101962860057524,0.872504660066334,0.9777175767369293,0.0038592508513053403,0.2939292788505554
test,mf_embedding,0.7,881,0.07872426821485051,0.32388670303882816,0.2994324631101022,0.5358160820135849,0.12007555315704263,0.6787500381469727,2.1505531715482937,0.8781866128141304,0.9756302170974087,0.006923950056753725,0.3070399761199951
test,mf_embedding,0.6,881,0.0784372967833222,0.3183464230235077,0.29500567536889893,0.5367529683080193,0.1338370210469509,0.6839324831962585,2.232412155997008,0.8867519877776671,0.9723832200199327,0.01362088535754824,0.3306742310523987
test,mf_embedding,0.5,881,0.07715106536636263,0.3077080490179216,0.28615209988649265,0.5306888816820713,0.16837560712358338,0.6922797560691833,2.442994619219495,0.8971189355707914,0.9654682133399654,0.0346197502837684,0.38760536909103394
test,mf_embedding,0.3,881,0.04659211738538888,0.226928823341033,0.20272417707150966,0.48772498783849527,0.28116567728008635,0.722608208656311,3.364153155127829,0.9456501251278913,0.9169048198062717,0.14937570942111233,0.6112150549888611
