train_positives,model,recall@20,users
0,Popularity,0.11442859089302886,321
0,Popularity (recent),0.11712236701537648,321
0,Popularity (demographic),0.11879692270249276,321
0,ItemKNN,0.11442859089302886,321
0,MF-BPR,0.11322414636316733,321
0,Two-Tower,0.10972368368091924,321
0,Node2Vec,0.11442859089302886,321
0,GraphSAGE,0.1158664087071949,321
0,GAT,0.11208432619559819,321
0,LightGCN,0.11301688618298118,321
0,Hybrid (id+content+graph),0.11510129944705622,321
0,Final pipeline,0.1176008330736729,321
1-5,Popularity,0.10322311610145021,28
1-5,Popularity (recent),0.1001651325421535,28
1-5,Popularity (demographic),0.1138263878004073,28
1-5,ItemKNN,0.08696386933776597,28
1-5,MF-BPR,0.09795654053748379,28
1-5,Two-Tower,0.078884674139003,28
1-5,Node2Vec,0.003400085671449989,28
1-5,GraphSAGE,0.06815643987364399,28
1-5,GAT,0.07292788910113256,28
1-5,LightGCN,0.10577226745560109,28
1-5,Hybrid (id+content+graph),0.11102686314933664,28
1-5,Final pipeline,0.10354701365565792,28
6-20,Popularity,0.08172141125794506,45
6-20,Popularity (recent),0.08292605811380355,45
6-20,Popularity (demographic),0.08864627021305939,45
6-20,ItemKNN,0.134274991357105,45
6-20,MF-BPR,0.11826744575787072,45
6-20,Two-Tower,0.17662979234576323,45
6-20,Node2Vec,0.04251947164533513,45
6-20,GraphSAGE,0.1461806501339102,45
6-20,GAT,0.14181582955887384,45
6-20,LightGCN,0.15153196197505536,45
6-20,Hybrid (id+content+graph),0.13440010914310932,45
6-20,Final pipeline,0.1513111695880401,45
21-50,Popularity,0.09954872357559494,106
21-50,Popularity (recent),0.12396443087718677,106
21-50,Popularity (demographic),0.11822214137687641,106
21-50,ItemKNN,0.1359790309005285,106
21-50,MF-BPR,0.14940271678085867,106
21-50,Two-Tower,0.17482715173618948,106
21-50,Node2Vec,0.11044971082353927,106
21-50,GraphSAGE,0.134489044978663,106
21-50,GAT,0.14788527032036042,106
21-50,LightGCN,0.16040140704925002,106
21-50,Hybrid (id+content+graph),0.1558820607433764,106
21-50,Final pipeline,0.1690915440540034,106
51-100,Popularity,0.09923659669380624,129
51-100,Popularity (recent),0.11346696978349077,129
51-100,Popularity (demographic),0.1152691130495603,129
51-100,ItemKNN,0.11314152223167263,129
51-100,MF-BPR,0.1354092484465651,129
51-100,Two-Tower,0.1421979116758226,129
51-100,Node2Vec,0.14312059267496138,129
51-100,GraphSAGE,0.12788144339595234,129
51-100,GAT,0.12487306485385626,129
51-100,LightGCN,0.13445238071067633,129
51-100,Hybrid (id+content+graph),0.15233720134267703,129
51-100,Final pipeline,0.15307671811125806,129
101-200,Popularity,0.0957828254188316,142
101-200,Popularity (recent),0.10377157478631314,142
101-200,Popularity (demographic),0.10274251805313601,142
101-200,ItemKNN,0.10215676097606,142
101-200,MF-BPR,0.09866580377675276,142
101-200,Two-Tower,0.10389727084387479,142
101-200,Node2Vec,0.10799955216887612,142
101-200,GraphSAGE,0.098625229339502,142
101-200,GAT,0.1117874819024506,142
101-200,LightGCN,0.10837774151957062,142
101-200,Hybrid (id+content+graph),0.10510037434270669,142
101-200,Final pipeline,0.13227736350721683,142
>200,Popularity,0.07461691039305114,110
>200,Popularity (recent),0.10753255823132779,110
>200,Popularity (demographic),0.08533719795572407,110
>200,ItemKNN,0.08282024123849915,110
>200,MF-BPR,0.09797360549132221,110
>200,Two-Tower,0.07839881603159482,110
>200,Node2Vec,0.09146059578014427,110
>200,GraphSAGE,0.08466476911981907,110
>200,GAT,0.08975936654637806,110
>200,LightGCN,0.08900394332320945,110
>200,Hybrid (id+content+graph),0.08500435450224646,110
>200,Final pipeline,0.11643818606835402,110
