taste,model,recall@20,users
broad,Popularity,0.10313549281994666,163
medium,Popularity,0.09696937744837411,162
narrow,Popularity,0.07804063301812267,162
broad,Popularity (recent),0.1265099881944037,163
medium,Popularity (recent),0.11606055079878572,162
narrow,Popularity (recent),0.09209059564854039,162
broad,Popularity (demographic),0.11137573212963446,163
medium,Popularity (demographic),0.1167648366881965,162
narrow,Popularity (demographic),0.08831879029258576,162
broad,ItemKNN,0.11062139989110081,163
medium,ItemKNN,0.1147641827956011,162
narrow,ItemKNN,0.09878045952494076,162
broad,MF-BPR,0.1187261248297018,163
medium,MF-BPR,0.1254173234107773,162
narrow,MF-BPR,0.11371701869712923,162
broad,Two-Tower,0.12267229206209125,163
medium,Two-Tower,0.1236928672265794,162
narrow,Two-Tower,0.12480656059688956,162
broad,Node2Vec,0.11914280774063876,163
medium,Node2Vec,0.11786167683772354,162
narrow,Node2Vec,0.10526517553534645,162
broad,GraphSAGE,0.11435257479084072,163
medium,GraphSAGE,0.10858202803008053,162
narrow,GraphSAGE,0.11012774014460142,162
broad,GAT,0.1179176336542921,163
medium,GAT,0.12917687188030058,162
narrow,GAT,0.10731227925985759,162
broad,LightGCN,0.11686895665452136,163
medium,LightGCN,0.131477540480616,162
narrow,LightGCN,0.11838257918322864,162
broad,Hybrid (id+content+graph),0.11625421842726384,163
medium,Hybrid (id+content+graph),0.1269120746105291,162
narrow,Hybrid (id+content+graph),0.12926256711953688,162
broad,Final pipeline,0.14192838085275986,163
medium,Final pipeline,0.13896662365305332,162
narrow,Final pipeline,0.14577325481991293,162
