list,gini,head_exposure_share,tail_exposure_share,items_recommended,catalog_coverage,tail_items_recommended,tail_coverage,top10_items_share,max_item_share_of_users,slots_on_items_without_train_positives,items_without_train_positives_shown
Popularity,0.9936435255771389,1.0,0.0,118,0.03184025903939557,0,0.0,0.6556186152099887,0.6867196367763905,0.0,0.0
Popularity (recent),0.9940179835380611,1.0,0.0,97,0.026173772261198058,0,0.0,0.6615209988649262,0.7060158910329172,0.0,0.0
Popularity (demographic),0.9914219540298183,1.0,0.0,169,0.04560172692930383,0,0.0,0.5061293984108967,0.6152099886492622,0.0,0.0
ItemKNN,0.9812947436834338,0.9993189557321226,0.000681044267877412,341,0.09201295196977874,5,0.0016863406408094434,0.4803632236095346,0.5164585698070374,0.0,0.0
MF-BPR,0.9739219708752197,0.9933030646992055,0.006696935300794552,523,0.14112250404749055,47,0.01585160202360877,0.4981838819523269,0.52894438138479,0.0,0.0
Two-Tower,0.9431747027399199,0.9628830874006811,0.03711691259931896,779,0.21019967620075553,158,0.05328836424957842,0.2203178206583428,0.3087400681044268,0.018501702610669694,31.0
Node2Vec,0.9573448706977611,0.9313280363223609,0.06867196367763904,762,0.20561252023745277,321,0.10826306913996628,0.44926220204313283,0.46878547105561863,0.05051078320090806,191.0
GraphSAGE,0.9575964491118798,0.9743473325766174,0.02565266742338252,704,0.18996222342147867,162,0.05463743676222597,0.44892167990919407,0.4858115777525539,0.0,0.0
GAT,0.953824181788222,0.9723041997729852,0.027695800227014757,747,0.2015650296815974,173,0.05834738617200674,0.44154370034052215,0.48467650397275824,0.0,0.0
LightGCN,0.9684916872537892,0.9909194097616345,0.009080590238365494,585,0.15785213167835943,66,0.022259696458684655,0.47729852440408627,0.5107832009080591,0.0,0.0
Hybrid (id+content+graph),0.970472338931928,0.9902383654937571,0.009761634506242905,544,0.14678899082568808,69,0.02327150084317032,0.36458569807037455,0.5187287173666288,0.0,0.0
"Ranker (xgb, temporal)",0.9794403406323947,0.9979568671963678,0.0020431328036322363,363,0.09794927145169995,14,0.004721753794266442,0.37434733257661745,0.5130533484676504,0.0,0.0
"Ranker (xgb, temporal) + MMR (lambda=0.9)",0.9798118583050587,0.9980703745743473,0.0019296254256526673,351,0.09471127900701565,13,0.004384485666104553,0.37979568671963676,0.5141884222474461,0.0,0.0
Actual test positives,0.697259501501504,0.7033483790138501,0.29665162098614994,2980,0.8041014570966001,2239,0.7551433389544688,0.03334649115279661,0.25539160045402953,,
