Model,recall@5,recall@10,recall@20,ndcg@5,ndcg@10,ndcg@20,precision@10,map@20,mrr,coverage@10,diversity@10,novelty@10,cold_users_recall@20,sparse_users_recall@20,new_items_recall@20,train_time_s,params,retrieval_latency_ms,ranking_latency_ms
Popularity,0.0343607541591065,0.0601066587157815,0.1004108915542953,0.3112758566941707,0.2958047220428706,0.272552087861525,0.2775255391600454,0.1527399435289117,0.4893322795330435,0.0318402590393955,0.6767380237579346,1.6236233892834375,0.1144285908930288,0.0899686405129881,0.0358134634498628,0.0035411000135354,0.0,,
Popularity (recent),0.0367301164836638,0.0661667199110142,0.1117754709856889,0.3107402220902699,0.2946940456294267,0.2793121988448949,0.2751418842224745,0.1551512938737671,0.4934530379217056,0.026173772261198,0.5980747938156128,1.6908462055132432,0.1171223670153764,0.089538305839746,,0.2959658000036143,0.0,,
Popularity (demographic),0.0383583163941092,0.0663839189667074,0.1097478151118233,0.3252281655697431,0.3071952364414033,0.2872744168474023,0.2866061293984109,0.1625602765608149,0.5028395251757477,0.0456017269293038,0.6702679395675659,1.7064975450858018,0.1187969227024927,0.0983043975068366,,0.0222447999985888,0.0,,
ItemKNN,0.0389085394698151,0.0668574171172103,0.111049331290995,0.3360754955033075,0.3177978158646141,0.2934379161527109,0.2962542565266742,0.1670484485934562,0.5233027228701737,0.0920129519697787,0.6738773584365845,1.9474954290657085,0.1144285908930288,0.1161282596236599,0.0358134634498628,1.4422704000025988,0.0,,
MF-BPR,0.04193536113880656,0.06974634563080691,0.11427429996688525,0.3416867134293351,0.31858285318658086,0.29482830007486943,0.2953840332954975,0.16834619308310952,0.5146576501727647,0.12556215146609098,0.6689694921175638,1.9699002000643941,0.11222073304797774,0.10666740557212107,0.0482630452545574,45.98701756672623,623872.0,0.2781373337105227,
Two-Tower,0.039956837411955694,0.06924753490689363,0.11773495992930756,0.31535540384563904,0.2987501047429424,0.28265746049567037,0.27968217934165723,0.15572842014202584,0.483900332741143,0.19688792948372005,0.6148086587587992,2.569762244942654,0.10981270622230739,0.1314019357189925,0.1259567459867022,73.00760926663254,712064.0,0.3159826674770253,
Node2Vec,0.036113055480340835,0.061586204531964096,0.10401266836829047,0.30129879267323045,0.2832193949401454,0.2637004790332375,0.26292092319334087,0.14595114923901664,0.4748705201282486,0.21397733405288719,0.6788432399431864,2.7977012349444266,0.11522235047919116,0.0174187748776485,0.0378796216117339,94.07273503337638,623744.0,0.3181256688549183,
GraphSAGE,0.03952026259688846,0.0668783582307949,0.11231146039072387,0.3311660342479588,0.30847366424771017,0.28851290430747395,0.2860385925085131,0.16128182080010564,0.5080576098541365,0.1663968339629429,0.6527008811632792,2.2178339636752873,0.1135926653533823,0.1119393626681376,0.0372566742951772,68.08766120002838,640384.0,0.3050013330842678,
GAT,0.03925812364955727,0.06665423992586383,0.11385569601602812,0.3318893766966462,0.3066085352427231,0.2860979565670403,0.284714339765418,0.15902419692236816,0.5031851615867281,0.208041014570966,0.6489361127217611,2.3614413638049574,0.11233569175353103,0.11311205656871624,0.0436630620864346,114.7782236666729,628160.0,0.3681109993097682,
LightGCN,0.04128374049494077,0.07121471233894096,0.12089107776012527,0.34249298850000837,0.3183317246950618,0.2981984726861076,0.2951570185395384,0.1677297440358763,0.5197771587407626,0.15965101636985066,0.6517879565556844,2.1554932470630495,0.1121077456379454,0.13273999636189396,0.0506775213687755,54.83739349996904,623872.0,0.3321859990440619,
Hybrid (id+content+graph),0.04265764393809096,0.07370853564622504,0.1223782516196002,0.3415808270867542,0.31907391955574926,0.2988127350370961,0.29595157018539536,0.16934641143226017,0.5105239860085887,0.15083648138154337,0.6474725604057312,2.1587642082998824,0.11375014359015971,0.1349922994478767,0.1355787511497844,41.77689436666939,637824.0,0.2978889997272442,
Final pipeline (no MMR),0.0468326308321917,0.0800266571961296,0.1328800325271207,0.3472158082324955,0.3295890344637309,0.3118141748261386,0.3055618615209988,0.1755298630369026,0.5375609438200147,0.0979492714516999,0.6703560948371887,2.0643821793556327,0.1174332740980698,0.1355038316602347,,,,0.76165700040292,15.162865999736823
Final pipeline + MMR (lambda=0.9),0.0466899548683699,0.080364770931834,0.132486234758331,0.3477254623026687,0.3282946249496427,0.3112367512108069,0.3038592508513054,0.1741727816124331,0.5411727152219152,0.0947112790070156,0.701230525970459,2.0522974397931377,0.1176008330736729,0.1329906714221949,,,,0.76165700040292,17.91271349939052
"Pipeline, same-period ranker (no MMR)",0.0603372017470707,0.0932213750503212,0.1434111104766498,0.3696004683209088,0.348790292122195,0.3274402828031982,0.31577752553916,0.1867702646735037,0.5681146532468121,0.0966001079330814,0.6663118600845337,2.0722259065096558,0.1205326196721345,0.1442848986744834,,,,0.76165700040292,15.162865999736823
"Pipeline, same-period ranker + MMR (lambda=0.9)",0.0601859039635132,0.0929638648746077,0.1424811959059104,0.3713996778611652,0.3466675705149646,0.325882336185617,0.3125993189557322,0.1850642380229467,0.5707526733342633,0.0976794387479762,0.7030084133148193,2.0678859854949065,0.1201378463094148,0.1420417779574045,,,,0.76165700040292,17.91271349939052
