run,group,model,seed,data,fit_time_s,train_time_s,best_epoch,epochs_run,n_params,peak_gpu_mem_mb,base,variant,val/recall@5,val/precision@5,val/ndcg@5,val/map@5,val/hit@5,val/recall@10,val/precision@10,val/ndcg@10,val/map@10,val/hit@10,val/recall@20,val/precision@20,val/ndcg@20,val/map@20,val/hit@20,val/mrr,val/n_users,val/warm/recall@5,val/warm/precision@5,val/warm/ndcg@5,val/warm/map@5,val/warm/hit@5,val/warm/recall@10,val/warm/precision@10,val/warm/ndcg@10,val/warm/map@10,val/warm/hit@10,val/warm/recall@20,val/warm/precision@20,val/warm/ndcg@20,val/warm/map@20,val/warm/hit@20,val/warm/mrr,val/warm/n_users,val/sparse/recall@5,val/sparse/precision@5,val/sparse/ndcg@5,val/sparse/map@5,val/sparse/hit@5,val/sparse/recall@10,val/sparse/precision@10,val/sparse/ndcg@10,val/sparse/map@10,val/sparse/hit@10,val/sparse/recall@20,val/sparse/precision@20,val/sparse/ndcg@20,val/sparse/map@20,val/sparse/hit@20,val/sparse/mrr,val/sparse/n_users,val/cold/recall@5,val/cold/precision@5,val/cold/ndcg@5,val/cold/map@5,val/cold/hit@5,val/cold/recall@10,val/cold/precision@10,val/cold/ndcg@10,val/cold/map@10,val/cold/hit@10,val/cold/recall@20,val/cold/precision@20,val/cold/ndcg@20,val/cold/map@20,val/cold/hit@20,val/cold/mrr,val/cold/n_users,val/coverage@10,val/diversity@10,val/novelty@10,val/personalization@10,val/gini@10,val/tail_share@10,test/recall@5,test/precision@5,test/ndcg@5,test/map@5,test/hit@5,test/recall@10,test/precision@10,test/ndcg@10,test/map@10,test/hit@10,test/recall@20,test/precision@20,test/ndcg@20,test/map@20,test/hit@20,test/mrr,test/n_users,test/warm/recall@5,test/warm/precision@5,test/warm/ndcg@5,test/warm/map@5,test/warm/hit@5,test/warm/recall@10,test/warm/precision@10,test/warm/ndcg@10,test/warm/map@10,test/warm/hit@10,test/warm/recall@20,test/warm/precision@20,test/warm/ndcg@20,test/warm/map@20,test/warm/hit@20,test/warm/mrr,test/warm/n_users,test/sparse/recall@5,test/sparse/precision@5,test/sparse/ndcg@5,test/sparse/map@5,test/sparse/hit@5,test/sparse/recall@10,test/sparse/precision@10,test/sparse/ndcg@10,test/sparse/map@10,test/sparse/hit@10,test/sparse/recall@20,test/sparse/precision@20,test/sparse/ndcg@20,test/sparse/map@20,test/sparse/hit@20,test/sparse/mrr,test/sparse/n_users,test/cold/recall@5,test/cold/precision@5,test/cold/ndcg@5,test/cold/map@5,test/cold/hit@5,test/cold/recall@10,test/cold/precision@10,test/cold/ndcg@10,test/cold/map@10,test/cold/hit@10,test/cold/recall@20,test/cold/precision@20,test/cold/ndcg@20,test/cold/map@20,test/cold/hit@20,test/cold/mrr,test/cold/n_users,test/coverage@10,test/diversity@10,test/novelty@10,test/personalization@10,test/gini@10,test/tail_share@10
graphsage_abl__remove_target_edges=False,gnn_ablation,GraphSAGE,42,main,97.0396157000214,89.46480849996442,51,71,640384,298.92431640625,graphsage,target edges kept in message passing,0.0381974854837493,0.2987514188422248,0.3067404140703064,0.2293911590364484,0.656072644721907,0.0646488766309712,0.2724177071509648,0.2894673325766515,0.1865975991859727,0.7514188422247446,0.1157747775950833,0.2442678774120317,0.2753322044916058,0.1533681396039125,0.8467650397275823,0.4587421515774815,881,0.0407625369778809,0.2270491803278689,0.2396509759218263,0.1674117714025501,0.5758196721311475,0.0676157280196148,0.2059426229508196,0.2267869721069459,0.1338031811085089,0.6721311475409836,0.1194686685861978,0.1792008196721311,0.2175961562372325,0.1085809070540501,0.7766393442622951,0.3956999069908589,488,0.0371619247844628,0.2805555555555555,0.2839234573937095,0.2092129629629629,0.5833333333333334,0.0581505414346051,0.2597222222222222,0.2723036972269662,0.1764414315108759,0.6805555555555556,0.1105912723735908,0.2305555555555555,0.2594902084972274,0.1428380456530181,0.8333333333333334,0.4243694883094392,72,0.0345302432445356,0.4118380062305296,0.4138509022234942,0.328141225337487,0.794392523364486,0.061596093629352,0.3763239875389408,0.3886068891323951,0.2691362910688678,0.8878504672897196,0.1113217980694869,0.3462616822429907,0.3666587317804822,0.2238177852387948,0.956386292834891,0.5622918310590108,321,0.2147868321640582,0.6470230221748352,2.3337717888160423,0.8190438145530775,0.952384849429676,0.0321225879682179,0.0394279833832524,0.317366628830874,0.3248741249331418,0.2449949552276453,0.6685584562996595,0.0665216684166134,0.2849035187287174,0.3034048126581414,0.1978048081699573,0.7616345062429057,0.1118459595370911,0.252383654937571,0.283669470868218,0.1594526663396357,0.8422247446083996,0.4747998994641215,881,0.0413921730615651,0.2587268993839836,0.2734101798693254,0.1982557608943646,0.5893223819301848,0.0691054197235419,0.2338809034907597,0.2569424206888727,0.1577458449156528,0.6858316221765913,0.1155200233128155,0.2074948665297741,0.2441273697525385,0.1278508157756572,0.7823408624229979,0.4277044923785885,487,0.0258398348189061,0.2493150684931506,0.2572408522409625,0.1919178082191781,0.5342465753424658,0.0535589295681514,0.2273972602739725,0.2406631013642119,0.1457729941291585,0.684931506849315,0.0934183314769191,0.2095890410958904,0.2291399649087543,0.1184532840846191,0.7534246575342466,0.4041214493269288,73,0.0395381842301652,0.4218068535825545,0.4183325989288043,0.3279750778816199,0.8193146417445483,0.0655496841470294,0.3753894080996884,0.3881628494602933,0.2704124017208129,0.8940809968847352,0.1104626193178225,0.3302180685358255,0.3560609262525691,0.2167207539697719,0.9532710280373832,0.5623232331422199,321,0.226389638424177,0.6421258449554443,2.3836148492791893,0.822371762209996,0.9493882056462112,0.0402951191827468
graphsage_abl__cold_simulation=False,gnn_ablation,GraphSAGE,42,main,85.53956720000133,79.19320500007598,47,67,640384,297.95947265625,graphsage,unknown-user row trained with edges (no cold simulation),0.0405515597151108,0.2869466515323496,0.296077865016633,0.2121188043889519,0.6730987514188422,0.0704371866559928,0.2720771850170261,0.2883760812589359,0.1798087916168695,0.7797956867196367,0.1154499832001457,0.2397843359818388,0.2723654225451012,0.1484514927350619,0.8479001135073779,0.4595092898327594,881,0.0439325257963094,0.2278688524590164,0.2443006779358282,0.1715881147540983,0.5819672131147541,0.0733559161012697,0.2032786885245902,0.2303838431169504,0.1362641626550438,0.6987704918032787,0.1214333268066993,0.1787909836065573,0.22151469035096,0.1116571236767566,0.7786885245901639,0.4084348128049436,488,0.0420783946954113,0.2805555555555556,0.2823683090309353,0.1999768518518518,0.6805555555555556,0.0757581532407452,0.2555555555555556,0.2722940168978116,0.1644767783656672,0.7777777777777778,0.1083281738921799,0.2215277777777778,0.2541413922529466,0.1347324919897052,0.8055555555555556,0.4222387566137566,72,0.0350691810041869,0.3781931464174455,0.377867133946237,0.2764589823468328,0.8099688473520249,0.0648065026578703,0.3803738317757009,0.3801459281352282,0.249446436126083,0.9034267912772586,0.1079512249140877,0.3366043613707165,0.3537588415225965,0.2074652626855873,0.9626168224299064,0.5455149695254148,321,0.1988667026443605,0.6582191586494446,2.348943844013309,0.8206574718458766,0.9547528228298682,0.0274687854710555,0.0357819843948866,0.3073779795686719,0.316861871877426,0.2327941732879304,0.6696935300794552,0.0659405976135269,0.2797956867196368,0.2979103838566891,0.1891762720033151,0.771850170261067,0.1110292845808928,0.2481838819523268,0.2788335543135166,0.1542047943668326,0.8444948921679909,0.4809816884993559,881,0.0362791901776222,0.2583162217659138,0.2715172489500858,0.1952121834360027,0.5872689938398358,0.0673927364890868,0.2268993839835729,0.2503860377682507,0.1510080003367991,0.6878850102669405,0.1108277237164011,0.1990759753593429,0.235469059098905,0.1210007044735899,0.7659137577002053,0.4309588220845142,487,0.0359674236543502,0.2602739726027397,0.266295220174559,0.1921004566210045,0.589041095890411,0.0697597866203523,0.2452054794520548,0.2583532635439061,0.1588229325215626,0.7534246575342466,0.1156947122025565,0.2136986301369862,0.2402652959876665,0.1248619114817055,0.821917808219178,0.4122563699618494,73,0.0349854850735997,0.3925233644859813,0.397155320288404,0.2990654205607476,0.8130841121495327,0.0628689701060629,0.3679127725856698,0.3790070390838004,0.2539854373732878,0.9034267912772586,0.1102740943149303,0.3305295950155763,0.3533942771400054,0.2112528386927624,0.968847352024922,0.5725022000173182,321,0.2064220183486238,0.6611648201942444,2.3730536144634167,0.8216863196446388,0.9524889846388316,0.0335981838819523
graphsage_abl__user_id_dropout=0.0,gnn_ablation,GraphSAGE,42,main,65.28146559998277,60.330483700032346,32,52,640384,297.95947265625,graphsage,no unknown-user embedding (id dropout 0),0.0367395316680792,0.2917139614074915,0.3029227140238997,0.2211476857106823,0.6469920544835415,0.0658864465161756,0.2718501702610669,0.2892307152276188,0.1841264636345983,0.753688989784336,0.1136318205676384,0.2434733257661748,0.2741495520033031,0.150883734195561,0.8388195232690124,0.4723216362482974,881,0.0402042096995861,0.2381147540983607,0.2505140605715543,0.1798998178506375,0.5532786885245902,0.0723961523115907,0.2161885245901639,0.2379068786292566,0.1460412149073351,0.6762295081967213,0.1202163412985226,0.1875,0.2260571165102774,0.1172853797524415,0.7745901639344263,0.4058188163386293,488,0.0276196387973172,0.2916666666666667,0.3095546603552716,0.2284259259259259,0.6111111111111112,0.0517380825910587,0.2833333333333334,0.2989086669962837,0.1993419312169312,0.6944444444444444,0.1038418078863683,0.25625,0.2836744766183021,0.1630198116841543,0.7638888888888888,0.4799497434301356,72,0.0335179410366758,0.3732087227414331,0.3811093892540733,0.2822222222222222,0.7975077881619937,0.0591635361561939,0.3538940809968847,0.3650849823075469,0.2386127181921574,0.8847352024922118,0.1058175987495075,0.3257009345794392,0.3451256079170619,0.1992394955322078,0.9532710280373832,0.5717115191106829,321,0.1419320021586616,0.6679544448852539,2.186351418699847,0.8814692239774846,0.9702682951779884,0.0136208853575482,0.0378941535430322,0.3085130533484677,0.3223549973530351,0.235255391600454,0.681044267877412,0.0651952122285929,0.2765039727582293,0.2988918185312618,0.1890724788149589,0.775255391600454,0.1082804626631919,0.24472190692395,0.2781985020821979,0.1520424952723252,0.8433598183881952,0.5046222607629923,881,0.0411015603960028,0.2661190965092402,0.2821413313857772,0.2035386721423682,0.6098562628336756,0.0704892742149767,0.2371663244353182,0.2623898811971032,0.1604918557087448,0.7207392197125256,0.1111673070886751,0.2023613963039014,0.2416630011596848,0.1258880138895464,0.7761806981519507,0.4505927380682627,487,0.0327207793476185,0.2684931506849315,0.2864246565819112,0.2095433789954338,0.6027397260273972,0.0601434976476397,0.247945205479452,0.2682962667546523,0.1642190331231427,0.684931506849315,0.1046534459296669,0.2143835616438356,0.2470586014639612,0.1273799712862279,0.7671232876712328,0.4571855085553715,73,0.0342045871220619,0.3819314641744548,0.3915355898837098,0.289221183800623,0.8068535825545171,0.0583122433097165,0.3426791277258567,0.3612280140497282,0.2380851423296905,0.8785046728971962,0.1047255685396311,0.3158878504672897,0.3407094107874787,0.1973309584635973,0.9626168224299064,0.5973800815215271,321,0.150296815974096,0.6691875457763672,2.198927729056676,0.8822336023741316,0.9688755173835354,0.0147559591373439
"graphsage_abl__num_layers=2,patience=50",gnn_ablation,GraphSAGE,42,main,231.5986850999761,218.36906620013173,82,132,652736,300.5283203125,graphsage,2 layers (patience 50),0.038190356351921,0.3080590238365494,0.3187308163197955,0.2367076554420481,0.6549375709421112,0.0689173021129159,0.2749148694665153,0.2966627134695336,0.189872383024341,0.7627695800227015,0.1159688779053701,0.2444948921679909,0.2792876873720912,0.1543017722358268,0.8524404086265607,0.4899638791138652,881,0.0410366558119088,0.2401639344262295,0.2533144834021494,0.1794011839708561,0.5614754098360656,0.0740712720051073,0.2063524590163934,0.2325891061265223,0.1378284990567265,0.6844262295081968,0.1211749208377732,0.1813524590163934,0.2231465773812776,0.1117297533861798,0.7868852459016393,0.4164384340173718,488,0.035216775393542,0.3055555555555556,0.311256323459916,0.2230324074074074,0.6666666666666666,0.061913394647501,0.2708333333333333,0.2894891542314755,0.1800077160493827,0.7222222222222222,0.1013419483176863,0.2236111111111111,0.2594920754735623,0.1383825216482316,0.8333333333333334,0.4750781540464848,72,0.0345302432445356,0.4118380062305296,0.4198564672535108,0.3268951194184839,0.794392523364486,0.0626529532970919,0.3800623052959501,0.3956795877640186,0.2712046926766553,0.8909657320872274,0.1113352018284247,0.3451713395638629,0.3690763033602879,0.2225925237652181,0.956386292834891,0.6050797339797225,321,0.222881813275769,0.6159122586250305,2.355870119489184,0.824853254841567,0.9501796332357934,0.0333711691259931,0.040807323566257,0.317366628830874,0.326188938397722,0.2403622777147181,0.681044267877412,0.0674229150942622,0.2853575482406356,0.3043543865281495,0.1960170846620903,0.7616345062429057,0.1140016314585666,0.2498864926220204,0.2832232473667438,0.157507745349127,0.8410896708286039,0.4942440824090494,881,0.0419622489403311,0.2558521560574949,0.2676802027401672,0.1883167921514944,0.6057494866529775,0.0694131616499798,0.233264887063655,0.253290959150057,0.1534311544604152,0.6919917864476386,0.1166374201481399,0.201129363449692,0.2381868065037382,0.1224196798507272,0.7720739219712526,0.4285144710401066,487,0.0386832834253171,0.2684931506849314,0.2711137215769107,0.1936377473363774,0.5753424657534246,0.0621106544921762,0.2520547945205479,0.2610028238232021,0.1617808219178082,0.6712328767123288,0.11187013964085,0.2171232876712328,0.2425510887512417,0.1244805358933577,0.7945205479452054,0.4098065232734854,73,0.0395381842301652,0.4218068535825545,0.4274794215539475,0.3299480789200416,0.8193146417445483,0.0656115286497692,0.3719626168224299,0.3916832127293713,0.2684114621965089,0.8878504672897196,0.1104875187198474,0.3313084112149533,0.3607989927848604,0.2182519016980112,0.956386292834891,0.6131670187130098,321,0.2266594711279007,0.623190701007843,2.3624222367529755,0.821653725869532,0.9495058784325568,0.0429057888762769
"graphsage_abl__num_layers=3,patience=50",gnn_ablation,GraphSAGE,42,main,233.33698580000785,222.1861017000629,52,102,665088,303.09716796875,graphsage,3 layers (patience 50),0.0379327258098465,0.3116912599318956,0.3236002596756067,0.2389238869970993,0.6640181611804767,0.0630858156600391,0.2755959137343927,0.2971291503026406,0.1898121047510945,0.7491486946651532,0.1137759094471335,0.2459137343927355,0.28033013663021,0.1549241059664441,0.8365493757094211,0.4952497598055436,881,0.0402620125051101,0.235655737704918,0.2477670413249388,0.1741979735883424,0.5655737704918032,0.0663680989351169,0.2096311475409836,0.2311754494887173,0.1376557620999219,0.6741803278688525,0.1178039454897288,0.1827868852459016,0.2217907488060598,0.1118036429869284,0.7663934426229508,0.4058294059396366,488,0.0287728369299314,0.3027777777777778,0.3095766609052066,0.2388425925925925,0.5555555555555556,0.0462340867301579,0.2652777777777778,0.2812032456066877,0.1901962081128748,0.6527777777777778,0.0996706585463457,0.2479166666666666,0.2719284373285859,0.1562767535496616,0.7777777777777778,0.4378224126998636,72,0.0364461840405793,0.4292834890965732,0.4420311309111041,0.3373416407061266,0.838006230529595,0.0618757541170903,0.3781931464174455,0.4009673781384758,0.2690165900212629,0.8847352024922118,0.1108160853850469,0.3414330218068536,0.3712090886797495,0.220174558639379,0.956386292834891,0.6440718834135547,321,0.1551538046411225,0.6458137035369873,2.197899463761769,0.8154540699434509,0.96636010077838,0.0128263337116912,0.0375859962517904,0.3178206583427923,0.3351146295362036,0.2489254634884601,0.6833144154370034,0.0673774722246631,0.28422247446084,0.308696533077883,0.1977766236502588,0.775255391600454,0.110601583638622,0.2530079455164585,0.2875028372219266,0.1599305309876869,0.8410896708286039,0.5236491496486646,881,0.0372982497343145,0.2624229979466119,0.2793270075312099,0.205359342915811,0.5893223819301848,0.06957523530041,0.235523613963039,0.2603541177020114,0.162051336448337,0.7002053388090349,0.1099217993739216,0.2056468172484599,0.2427406033603404,0.1282624958215173,0.7659137577002053,0.4422798352674831,487,0.0399835115868098,0.295890410958904,0.3132127590383864,0.2313698630136986,0.684931506849315,0.0734374829144731,0.2589041095890411,0.2849190887830088,0.1764343093909303,0.7945205479452054,0.1110954921872134,0.2157534246575342,0.2554324556640556,0.1326712915094778,0.8356164383561644,0.5027464410421704,73,0.0374773169201839,0.4068535825545172,0.4247327244358064,0.3190134994807892,0.8255451713395638,0.062665037962218,0.3638629283489097,0.3874457845469647,0.2568302180685358,0.8847352024922118,0.1115205855478493,0.3333333333333333,0.3627064065188645,0.2141743241585088,0.956386292834891,0.651850874981716,321,0.168645439827307,0.6476384401321411,2.2118027829823963,0.8134159592464967,0.965117093917095,0.0175936435868331
graphsage_abl__aggr=max,gnn_ablation,GraphSAGE,42,main,97.51486629998544,92.86955080000916,23,43,640384,1154.001953125,graphsage,max aggregation,0.0385637509720235,0.304199772985244,0.3194617506621403,0.235655505107832,0.6674233825198638,0.066188979840943,0.2733257661748013,0.2966624298606439,0.1903816347764985,0.7514188422247446,0.1165008939922254,0.2467082860385925,0.2816852028898792,0.1563228345016778,0.8547105561861521,0.4958019868351675,881,0.0426354645461611,0.2360655737704918,0.2504700622841891,0.1788165983606557,0.5717213114754098,0.0709931121739996,0.2081967213114754,0.2327133226529398,0.1407059981893486,0.6680327868852459,0.1180558555247738,0.1818647540983606,0.2223279429100932,0.1131539436444921,0.7930327868852459,0.4064686232796736,488,0.0288437457523554,0.2805555555555556,0.2933797793951493,0.2177314814814814,0.5833333333333334,0.061382150512086,0.2722222222222222,0.286319269503999,0.1875356407995297,0.6944444444444444,0.1306704497947549,0.2555555555555555,0.2827243019042257,0.1575815903389509,0.8611111111111112,0.4575055331569779,72,0.034553919668712,0.4130841121495328,0.4301964729663881,0.3260851505711319,0.8317757009345794,0.0599636687292485,0.3725856697819314,0.3962009714900458,0.2665393363991494,0.8909657320872274,0.110958746809466,0.3433021806853583,0.3716899622079558,0.2216679694487896,0.9470404984423676,0.6402008219750762,321,0.1332973556395035,0.6726183891296387,2.1326377874961904,0.8063070729125292,0.973496609173822,0.0089670828603859,0.0388685863468403,0.308967082860386,0.3276747986248789,0.2432784714339765,0.6662883087400681,0.0670244474429442,0.2822928490351872,0.3065619108289945,0.1977847043302964,0.7616345062429057,0.1097211769136113,0.2492622020431328,0.2848746411942676,0.1600121577932552,0.8354143019296254,0.5128585022821097,881,0.0412680554279583,0.2587268993839836,0.274427845414073,0.2028439425051334,0.5749486652977412,0.0688936500367394,0.2297741273100616,0.2552998921875163,0.1594289172814155,0.6776180698151951,0.1100070971854218,0.2013347022587269,0.2396779063066195,0.1285392559406905,0.7618069815195072,0.4262040885422173,487,0.0318677962172685,0.2301369863013698,0.2456473504168693,0.163972602739726,0.5616438356164384,0.0649885504498093,0.2260273972602739,0.2412620718839219,0.1361509748496049,0.7397260273972602,0.1101980731802738,0.2184931506849315,0.2404411157590548,0.1161320853086477,0.821917808219178,0.4522433236474332,73,0.036820350324891,0.4031152647975079,0.4271117766088264,0.3226583592938732,0.8286604361370716,0.0646516088676189,0.3747663551401869,0.3991833791199296,0.2699919645947683,0.8940809968847352,0.1091789445153618,0.3289719626168224,0.3635489628361839,0.2177397231938015,0.9501557632398754,0.6581096160879009,321,0.1370750134916351,0.67609703540802,2.140543771038093,0.8029947834391004,0.97310236552316,0.0119182746878546
graphsage_abl__jk=last,gnn_ablation,GraphSAGE,42,main,61.52079740000772,56.72578329991666,34,54,632128,297.83251953125,graphsage,jk=last,0.0370312251560529,0.2960272417707151,0.3075582899705574,0.2290389708664396,0.6526674233825198,0.0646560128200286,0.276844494892168,0.2938022399611246,0.1885448037414823,0.753688989784336,0.1146612393719607,0.2479568671963677,0.2793061372104736,0.1561421226671768,0.8433598183881952,0.466868950339043,881,0.0404719820699673,0.2286885245901639,0.2423632191901621,0.1693169398907103,0.5635245901639344,0.0655799818018142,0.2073770491803278,0.2290733743128478,0.1362747699641484,0.6680327868852459,0.1178649562725417,0.1824795081967213,0.2216748060875172,0.112578485718239,0.7704918032786885,0.4046865627693262,488,0.0301199885413501,0.2861111111111111,0.2947808154804541,0.2224537037037036,0.5833333333333334,0.0618854321134596,0.2888888888888889,0.297953276498232,0.1946968694885361,0.7083333333333334,0.1052964737708606,0.2555555555555555,0.2802970211159635,0.1628511177019165,0.8333333333333334,0.4398135094681147,72,0.0333506010509699,0.4006230529595015,0.4095370211360414,0.3213084112149532,0.8037383177570093,0.0638727883582266,0.3797507788161994,0.3912751739352284,0.2666283792852551,0.8940809968847352,0.1118912994211685,0.3457943925233644,0.3666978691319921,0.2208648864945301,0.956386292834891,0.5674701867151449,321,0.1605504587155963,0.6283872127532959,2.19419024982561,0.8073135392947636,0.966438876001306,0.0144154370034051,0.038507179507409,0.3101021566401816,0.3237129475252903,0.2406444696683062,0.6765039727582293,0.0680618265160487,0.287627695800227,0.3065230886013627,0.1971772589727024,0.771850170261067,0.1098882592820827,0.2512485811577752,0.2836384884077993,0.1584203871349563,0.8365493757094211,0.4893412074271849,881,0.0405766142671513,0.2624229979466119,0.2799016669006218,0.203141683778234,0.5893223819301848,0.0701324159418749,0.237782340862423,0.2619113615806908,0.1606535881521214,0.7084188911704312,0.1095844527773605,0.203182751540041,0.2416855194970777,0.1264349059369223,0.7659137577002053,0.4478426788019543,487,0.035529014368213,0.2684931506849314,0.2813263720115401,0.2052663622526636,0.6027397260273972,0.0641821287317681,0.2465753424657534,0.2640717543131544,0.1621986663767485,0.684931506849315,0.1077008952151839,0.2150684931506849,0.24580554728148,0.1255919746373453,0.7945205479452054,0.4445676209555085,73,0.036044847193287,0.3919003115264798,0.3998198437144409,0.3055867082035306,0.8255451713395638,0.0658027638614541,0.3725856697819314,0.383859096271476,0.2605431933936606,0.8878504672897196,0.1108466123807844,0.332398753894081,0.355890515079895,0.2144122982121156,0.9532710280373832,0.5624821895235078,321,0.1667566109012412,0.6253328323364258,2.21471045772093,0.8102690165205837,0.9647308748031383,0.0145289443813847
gat_abl__remove_target_edges=False,gnn_ablation,GAT,42,main,83.33783699999913,79.2713483000116,11,31,628160,1042.48291015625,gat,target edges kept in message passing,0.0347462720482521,0.2953461975028377,0.3062962296344739,0.2274687854710556,0.6333711691259932,0.0644815715223163,0.2784335981838819,0.2947266619039611,0.1895689196980343,0.7525539160045402,0.1140851103325955,0.2481271282633371,0.2787685629712091,0.1558447195045891,0.8365493757094211,0.4670734329799721,881,0.0373827583988306,0.2315573770491803,0.2418484201548613,0.1724795081967212,0.5491803278688525,0.067682702319963,0.2153688524590163,0.2327022435507462,0.1408288473631711,0.6721311475409836,0.1158074470800909,0.1848360655737705,0.2211999398997739,0.1143058442181794,0.7684426229508197,0.3930997352884248,488,0.0277570211809778,0.2916666666666667,0.3023102261770887,0.229074074074074,0.5972222222222222,0.0507444211362687,0.2736111111111111,0.2885333509527669,0.191506650499706,0.6527777777777778,0.113141150455806,0.2375,0.2723997215584994,0.1534140183760404,0.7916666666666666,0.4575531143239476,72,0.032305838164643,0.3931464174454829,0.4051670186531115,0.3107061266874351,0.7694704049844237,0.0626962849134185,0.3753894080996884,0.390408389458026,0.2632313454977006,0.897196261682243,0.1116784585517577,0.3467289719626168,0.3677157425368647,0.2195393662990546,0.9501557632398754,0.5816672878606851,321,0.1807879114948731,0.6277064681053162,2.2661672073828325,0.8105905912445506,0.9613655311232576,0.0246311010215664,0.0359864301138974,0.3119182746878547,0.3214143047299475,0.241970298902762,0.6469920544835415,0.0686915202164292,0.2909194097616344,0.3075714158277484,0.1992875835540421,0.7707150964812712,0.1138588990166359,0.2558456299659478,0.2867604024883154,0.1610999576659961,0.8388195232690124,0.4788067402163841,881,0.0379085560048423,0.2652977412731006,0.2788972008434563,0.2020516769336071,0.5975359342915811,0.0713424375786657,0.2439425051334702,0.2650376697932773,0.1639671267777017,0.7104722792607803,0.1147174259304,0.208829568788501,0.2463277098481058,0.1301866410251442,0.7679671457905544,0.4383700722612267,487,0.0333359495372696,0.2904109589041096,0.2982099972385871,0.2256164383561643,0.589041095890411,0.0677268744812013,0.2547945205479452,0.2718829631629121,0.1723396390519678,0.6712328767123288,0.1220053462788042,0.2301369863013698,0.2597270416726361,0.1392316836574249,0.7671232876712328,0.4437044690469348,73,0.0336730649213855,0.3875389408099688,0.3911954388096689,0.3062512980269989,0.735202492211838,0.0648890977343808,0.370404984423676,0.3802168717882483,0.2590017966341954,0.8847352024922118,0.1107037798355099,0.3330218068535825,0.3542499870843488,0.2129727589330384,0.9626168224299064,0.5481373417414042,321,0.1926605504587156,0.6265403032302856,2.291622712159463,0.8097422790482989,0.959390331229598,0.0292849035187287
gat_abl__cold_simulation=False,gnn_ablation,GAT,42,main,114.6601241999888,110.02892480004812,22,42,628160,1117.18115234375,gat,unknown-user row trained with edges (no cold simulation),0.0341212385610067,0.2572077185017026,0.2635540514370063,0.1875450876529196,0.5947786606129398,0.0615796679145437,0.2456299659477865,0.2580336203645718,0.1573535439525791,0.7298524404086265,0.1018607510945751,0.2095346197502837,0.2394273433022374,0.1246310368941006,0.8059023836549376,0.4118311426159776,881,0.0424081306468795,0.2299180327868852,0.2448744003614549,0.1747928051001821,0.5471311475409836,0.0713933100255841,0.2102459016393442,0.2326589750397413,0.1392239542674993,0.6782786885245902,0.1193844813833525,0.1823770491803278,0.2223587652494621,0.1128791569423074,0.7704918032786885,0.4013975241361299,488,0.0303048432274381,0.275,0.285300964666604,0.2058101851851852,0.5833333333333334,0.0673973170284271,0.2611111111111111,0.2767843954835865,0.1706420855379188,0.7222222222222222,0.1231328120499659,0.2451388888888888,0.2739961760910323,0.1473201181256091,0.8333333333333334,0.4428847001763669,72,0.0223791112280191,0.2947040498442367,0.2870739641234176,0.2028348909657321,0.6697819314641744,0.0453555928790691,0.2959501557632398,0.2924036238223544,0.1819344310933096,0.8099688473520249,0.070449010378963,0.2428348909657321,0.2576220789064776,0.1374076835227811,0.8535825545171339,0.420727559045316,321,0.1932002158661629,0.6124430298805237,2.4922391083085342,0.8275936989240276,0.9564591088598848,0.0229284903518728,0.0316833224643246,0.2651532349602724,0.2720078917996081,0.1973041997729852,0.5891032917139614,0.0572933177539047,0.2532349602724177,0.2647990787636143,0.1659068178496857,0.7105561861520999,0.1013731449535044,0.2192962542565266,0.2468136356322041,0.131349039495219,0.8070374574347332,0.4200585231919681,881,0.038493344167145,0.2636550308008213,0.2799058964706962,0.2063860369609856,0.5811088295687885,0.0649016596165446,0.2363449691991786,0.2600357482164938,0.1634833990634812,0.6735112936344969,0.1170944766232245,0.206570841889117,0.2452314092688012,0.1287164854119726,0.7741273100616016,0.442033416428843,487,0.0397031551600438,0.2821917808219178,0.2908647239466203,0.2145890410958904,0.6027397260273972,0.0662028803309677,0.2452054794520548,0.2666111718220486,0.1661470488753594,0.7397260273972602,0.1286985200935072,0.2150684931506849,0.251455353264036,0.1272793411256622,0.8493150684931506,0.440631380143764,73,0.0195277824142902,0.2635514018691589,0.2557372468726556,0.1795950155763239,0.5981308411214953,0.0437242817562996,0.2806853582554517,0.2716135933529664,0.1695288368029801,0.7601246105919003,0.0713075969523396,0.2395638629283489,0.2481584918685077,0.1362684844158379,0.8473520249221184,0.382041103989977,321,0.1964382083108472,0.6144565939903259,2.492626455295845,0.8282264579596056,0.956684224679677,0.024177071509648
"gat_abl__num_layers=2,patience=50",gnn_ablation,GAT,42,main,378.2706785000046,367.20013710006606,38,88,632448,1369.22119140625,gat,2 layers (patience 50),0.0391696325358955,0.3017026106696935,0.31674620621694,0.234165405473578,0.6617480136208853,0.0677966595791369,0.2748013620885358,0.2972253398409387,0.1895760689612373,0.7559591373439274,0.118421492531877,0.2502837684449489,0.2836849532734889,0.1559726362361803,0.8479001135073779,0.4854466166405877,881,0.0431243495560625,0.2377049180327869,0.2548272486620387,0.1836367258652094,0.5635245901639344,0.0723313324504716,0.208811475409836,0.2354927247446833,0.1408794850666435,0.6762295081967213,0.1199980149069284,0.1854508196721311,0.2264759099933005,0.1140236997804108,0.7684426229508197,0.4180312129799517,488,0.0309253412611083,0.2916666666666667,0.3017268895431217,0.2255324074074074,0.5972222222222222,0.0656109606859373,0.2763888888888888,0.2929979321379453,0.1915551513815402,0.6944444444444444,0.1297263653856084,0.2472222222222222,0.2814395848026549,0.1554132947653078,0.8611111111111112,0.458426294494406,72,0.0350066638939738,0.4012461059190031,0.4142472719094845,0.3129179646936657,0.8255451713395638,0.0613930768972024,0.3747663551401869,0.3920225034595933,0.2631631063640409,0.8909657320872274,0.1134891132032359,0.3495327102803738,0.3711605908143984,0.2198709339817202,0.9657320872274144,0.5939954645562122,321,0.1842957366432811,0.6340962648391724,2.273792125855693,0.8138095431683782,0.959873702368096,0.0224744608399546,0.0385493955947632,0.3203178206583428,0.3309392073136254,0.2459023836549375,0.6799091940976163,0.0688406142968171,0.2864926220204313,0.3075638346170938,0.1968353061996648,0.7741203178206584,0.1194680198442325,0.2551645856980704,0.2890528671256083,0.1598239610860069,0.8547105561861521,0.4915988322068874,881,0.0409791042746485,0.2698151950718685,0.2850197863567298,0.2075427789185489,0.6016427104722792,0.0716683931592212,0.2369609856262833,0.2627670719200117,0.1601354529947959,0.704312114989733,0.1230330154279938,0.2044147843942505,0.2464783857864632,0.1270852513368743,0.784394250513347,0.4459524972194949,487,0.0329637286083738,0.3013698630136986,0.3133428713625839,0.2359817351598174,0.6027397260273972,0.0696359469636602,0.2616438356164384,0.285905239056643,0.1846999347684279,0.7123287671232876,0.1237628012011179,0.2267123287671233,0.2635274797898763,0.1418865505415507,0.8082191780821918,0.4743385159661294,73,0.0361334627689136,0.4012461059190031,0.4046067790595267,0.3063551401869159,0.8161993769470405,0.0643696249177818,0.3672897196261682,0.3804519994438599,0.2552736570571462,0.8940809968847352,0.1130827491640319,0.3386292834890965,0.3594488973052723,0.213572193539505,0.97196261682243,0.5647756802580881,321,0.1840259039395574,0.6326351165771484,2.259120394977357,0.8133873436513617,0.9602281908712624,0.0205448354143019
"gat_abl__num_layers=3,patience=50",gnn_ablation,GAT,42,main,480.1459678999963,469.4140656001691,30,80,636736,1702.98291015625,gat,3 layers (patience 50),0.0401139951777012,0.312372304199773,0.3207565938298199,0.239727582292849,0.6719636776390465,0.0686598382046431,0.2771850170261067,0.2978736789374276,0.19195897443982,0.7639046538024972,0.1177458071214206,0.2475595913734393,0.2819301172444877,0.157035703348187,0.8467650397275823,0.4792512124380639,881,0.0434512775590851,0.2426229508196721,0.2558320454180516,0.1811543715846994,0.5860655737704918,0.0728727352994263,0.2110655737704918,0.2367622557823641,0.1419014346972851,0.6844262295081968,0.1203397511199896,0.1824795081967213,0.2253639371248322,0.1143031620769093,0.7745901639344263,0.4211147036749419,488,0.0320110396889543,0.2472222222222222,0.2580591055691318,0.1871759259259259,0.5555555555555556,0.0601435843544835,0.2597222222222222,0.2664653796095626,0.1648580798059964,0.7222222222222222,0.1263117810758702,0.2451388888888888,0.2686862490250006,0.1425830024939977,0.875,0.424057082849975,72,0.0368579795798022,0.4330218068535825,0.4335210760096097,0.3405607476635514,0.8286604361370716,0.0641653724568466,0.381619937694704,0.3978231245800359,0.2741376155862137,0.8940809968847352,0.1118810258254017,0.3470404984423676,0.3708953957809205,0.225241543229449,0.9501557632398754,0.5800131862908549,321,0.1575822989746357,0.6295454502105713,2.216814906512067,0.808808598202357,0.9666931496796618,0.0132803632236094,0.0395289117474929,0.3162315550510783,0.3242799299474554,0.2437747509143649,0.6765039727582293,0.0669465940569555,0.2800227014755959,0.3000196607738437,0.1944002871359162,0.7639046538024972,0.1145431945548918,0.2499432463110102,0.2824178846199412,0.1577299968934582,0.8422247446083996,0.4769320594565795,881,0.0411704020991664,0.2624229979466119,0.2758835855452897,0.2007711613050422,0.5975359342915811,0.0708922627400361,0.2357289527720739,0.2583002262911478,0.1593246625024638,0.6981519507186859,0.1196667067594953,0.2047227926078028,0.2434747016745602,0.1262509036185907,0.7823408624229979,0.4375082788761817,487,0.037888574821276,0.2767123287671233,0.2872710396626325,0.2185844748858447,0.5753424657534246,0.0613350596159095,0.2273972602739726,0.2527754136810143,0.1600443937087772,0.684931506849315,0.104719395784961,0.2061643835616438,0.2373255961887339,0.1253311867982496,0.7671232876712328,0.4311952182923174,73,0.0374115871192961,0.4068535825545172,0.4061200194011836,0.3147455867082035,0.8193146417445483,0.0622366294636099,0.359190031152648,0.3740576502780477,0.2554277308015626,0.881619937694704,0.1090042128307893,0.3285046728971962,0.3517545424077253,0.2128559519146754,0.9501557632398754,0.5471444287638842,321,0.164328116567728,0.6320046186447144,2.234904681412494,0.8094226494814277,0.9657433753161576,0.0164585698070374
gat_abl__heads=1,gnn_ablation,GAT,42,main,87.39820140000666,82.82408839999698,22,42,628160,912.0244140625,gat,1 head,0.037422456053433,0.2982973893303065,0.3113795580520688,0.2303834026989532,0.6469920544835415,0.0656920032674849,0.2742338251986379,0.2937044146859105,0.187520904775918,0.7480136208853575,0.1179115648879654,0.2458569807037457,0.2791004840298876,0.1541202165234191,0.8365493757094211,0.4775959375740444,881,0.0398927162711393,0.2282786885245901,0.2426037801308004,0.1719011839708561,0.5430327868852459,0.0696336079753588,0.2092213114754098,0.230545922235612,0.1374813875155405,0.6680327868852459,0.1245015957312405,0.1862704918032787,0.2243783079385465,0.1127683129946297,0.7684426229508197,0.4054962650378799,488,0.03687779537215,0.2833333333333333,0.2941147297342137,0.2071296296296296,0.6388888888888888,0.0590066528205506,0.2624999999999999,0.2789716473556368,0.1731398809523809,0.6944444444444444,0.1167990455114251,0.2333333333333333,0.2662300883747363,0.140497714782171,0.8333333333333334,0.4607743322591104,72,0.0337892117631268,0.4080996884735202,0.4198083657295287,0.3245067497403945,0.8068535825545171,0.0611992996373815,0.3757009345794392,0.3930256095878587,0.2668190921228304,0.881619937694704,0.1081426126873194,0.3392523364485981,0.365178647331275,0.2200409300667809,0.940809968847352,0.5909784789457687,321,0.1815974096060442,0.6343984603881836,2.2812273662380247,0.8185027142338002,0.9589309724452112,0.0192962542565267,0.0404628593946983,0.3191827468785471,0.3288402640243628,0.2467990919409761,0.674233825198638,0.0690314698383081,0.2885357548240636,0.3073580170267994,0.2003221801395548,0.7582292849035187,0.1120686985805015,0.2515323496027242,0.2842459455684415,0.1600927208743942,0.8365493757094211,0.481227140475444,881,0.0430831626625039,0.2706365503080082,0.2848072508301413,0.2109103353867214,0.5954825462012321,0.070637576143691,0.2390143737166324,0.2635151138965083,0.1660666307362552,0.6837782340862423,0.1140117911950658,0.2085215605749487,0.2458717262864452,0.1306578672054762,0.7700205338809035,0.4373582234162427,487,0.0433059253243196,0.2931506849315068,0.2913252137333788,0.2151598173515981,0.589041095890411,0.0771405549824057,0.2452054794520548,0.2639686123918772,0.162626839167935,0.7397260273972602,0.1192628408988267,0.2075342465753425,0.2429995745173384,0.1275370047250976,0.7945205479452054,0.4152837079206942,73,0.0358409543969299,0.3987538940809969,0.4041757035783432,0.3084423676012461,0.8130841121495327,0.0647506692581193,0.3735202492211838,0.3837409465059304,0.2608648980533716,0.8753894080996885,0.1074847157377272,0.326791277258567,0.3518447925374842,0.2121529732596333,0.9470404984423676,0.562778645722571,321,0.1845655693470048,0.6400937438011169,2.2684421594394983,0.8158484426920729,0.95956699354913,0.020771850170261
lightgcn_abl__remove_target_edges=False,gnn_ablation,LightGCN,42,main,53.60929269998451,49.9475589999347,16,36,623872,524.9765625,lightgcn,target edges kept in message passing,0.0409755838433883,0.3116912599318956,0.3224929706281131,0.2407299155000631,0.6538024971623155,0.0700209876137819,0.2844494892167991,0.3034224376324311,0.1951685651769431,0.7661748013620885,0.1221248427290725,0.2562429057888763,0.2895644051935393,0.161904567485243,0.8626560726447219,0.4885674600569896,881,0.0451988818600951,0.244672131147541,0.2593094978212206,0.1893317395264116,0.5573770491803278,0.0749004642807675,0.2194672131147541,0.2431868629920719,0.1492139942649798,0.6926229508196722,0.127317294537326,0.1931352459016393,0.2344022548775373,0.1217438174298424,0.7930327868852459,0.4127098144187071,488,0.0397820477936907,0.3027777777777778,0.3161282361221966,0.2329513888888889,0.6111111111111112,0.0676664340565923,0.3027777777777778,0.3154737459792807,0.2056571502057612,0.7222222222222222,0.1255205519560367,0.2756944444444444,0.3070616750984926,0.1772577472716773,0.8472222222222222,0.4758724342751046,72,0.0348228273431556,0.415576323987539,0.4199751999558064,0.3206126687435098,0.8099688473520249,0.0631310911733727,0.3791277258566978,0.3922924258677023,0.262678385996143,0.8878504672897196,0.1134693675054926,0.3478193146417446,0.3694999999631729,0.2195152126017921,0.97196261682243,0.606737469177792,321,0.1519158121964382,0.6391863822937012,2.14049790908648,0.7993822313421783,0.9682677965541048,0.0088535754824063,0.041162483132537,0.3248581157775255,0.337065943775129,0.24972190692395,0.6889897843359818,0.0697480050822634,0.2930760499432464,0.3139885296833983,0.2017960722986802,0.7763904653802497,0.1199513220158481,0.2628263337116912,0.2960326929269544,0.1657724782913114,0.8524404086265607,0.5136664957423015,881,0.0451188864811948,0.2809034907597536,0.2950735443421681,0.2163620807665982,0.6201232032854209,0.0731724184425886,0.2474332648870637,0.2723547031812954,0.1700029392318186,0.7125256673511293,0.1227788607680194,0.2171457905544148,0.2566436036487921,0.1370749143148519,0.7823408624229979,0.4567141487457474,487,0.0375920811951799,0.3095890410958904,0.315371388604002,0.2367579908675799,0.6301369863013698,0.0710649755940663,0.2767123287671232,0.2925350106348912,0.1867851102896765,0.726027397260274,0.1339166589570827,0.2465753424657534,0.2778126318722451,0.1484459679290971,0.8493150684931506,0.465003305182596,73,0.0359720498323211,0.3950155763239876,0.4057076915986312,0.3032814122533748,0.8068535825545171,0.0642532133257526,0.3660436137071651,0.3820314592692711,0.2534442219255303,0.8847352024922118,0.1124856492151704,0.3358255451713396,0.3599347207632746,0.2132508238146057,0.9595015576323987,0.6111375421540781,321,0.1600107933081489,0.6402414441108704,2.1402911491503582,0.7986744892829202,0.9678469065411,0.0096481271282633
lightgcn_abl__cold_simulation=False,gnn_ablation,LightGCN,42,main,60.98870919999899,56.87930869980482,17,37,623872,524.9765625,lightgcn,unknown-user row trained with edges (no cold simulation),0.041737993805344,0.3153234960272418,0.3288182785254737,0.2459714339765417,0.6617480136208853,0.0699246557001881,0.2833144154370034,0.3055911382142355,0.195393158535117,0.7650397275822929,0.1214004731799928,0.2545970488081725,0.290301085935338,0.1620095978938064,0.8592508513053349,0.5037694570487397,881,0.046012770752966,0.2491803278688525,0.2636304325727413,0.191692281420765,0.5676229508196722,0.0733749886191725,0.2172131147540983,0.2429293679868748,0.1481447267165822,0.6885245901639344,0.1249507012930084,0.1902663934426229,0.2327726244644045,0.1202735551410691,0.7909836065573771,0.4183729162610075,488,0.0435946227487174,0.3166666666666666,0.3231884494033586,0.2430324074074074,0.6388888888888888,0.0684598144863558,0.2958333333333333,0.3111321816806817,0.2039759700176366,0.7361111111111112,0.1286141637501471,0.2680555555555555,0.3027445663589337,0.1743525709116744,0.8472222222222222,0.4764507412259605,72,0.0348228273431556,0.415576323987539,0.4291828159763325,0.3291484942886812,0.8099688473520249,0.0650078522825294,0.3809968847352025,0.3996097947294003,0.2652974336151906,0.8878504672897196,0.1143852176030371,0.3493769470404985,0.3749676236528353,0.22269026707153,0.9657320872274144,0.6397210441006194,321,0.1565029681597409,0.6540754437446594,2.175261726329933,0.8085642078985221,0.9661458885275466,0.0101021566401816,0.040305509421853,0.3253121452894438,0.3414696978855621,0.2533323874385168,0.6912599318955732,0.0697369064407961,0.2948921679909194,0.3178694962635312,0.2045083448942699,0.771850170261067,0.1229373286316987,0.262088535754824,0.2982771508180179,0.1667771890941719,0.8547105561861521,0.5305190295033932,881,0.0434234460530447,0.2804928131416838,0.2940470002685232,0.215159137577002,0.6242299794661191,0.0719960956754652,0.2447638603696099,0.2699466677456036,0.1677876372999576,0.704312114989733,0.1270107195503993,0.2136550308008213,0.2550110951686752,0.1347804082783355,0.7864476386036962,0.4543703437041687,487,0.0385603777622562,0.3178082191780821,0.3240108938215385,0.2445205479452054,0.6301369863013698,0.0755623941266468,0.2835616438356164,0.2994737100003286,0.1897660723345654,0.7534246575342466,0.1393855566951392,0.25,0.2834276660462651,0.1513371026406062,0.8493150684931506,0.4884186575543291,73,0.0359720498323211,0.3950155763239876,0.4173866649764395,0.3132502596053998,0.8068535825545171,0.0649846143587059,0.3735202492211838,0.3947583121060377,0.2635711813281907,0.8785046728971962,0.1130168861829811,0.3383177570093458,0.3672945386359862,0.2188318886842736,0.9595015576323987,0.6556210143523155,321,0.1621694549379384,0.653866171836853,2.180856601942664,0.8053175372022543,0.96556028111606,0.0108967082860386
lightgcn_abl__user_id_dropout=0.0,gnn_ablation,LightGCN,42,main,56.94638370000757,53.25397600006545,16,36,623872,524.9765625,lightgcn,no unknown-user embedding (id dropout 0),0.0302307598492772,0.1968217934165721,0.2080420045774927,0.1494085004414176,0.4585698070374574,0.0516716625198456,0.1700340522133938,0.1899353084336018,0.1150547659156991,0.5561861520998865,0.0868005101517589,0.1535754824063564,0.1822595731102407,0.0931274472542621,0.659477866061294,0.3428148193376368,881,0.0437512928521286,0.2479508196721311,0.2656536934543528,0.1929804189435337,0.5778688524590164,0.0770030897854285,0.215983606557377,0.244703910238313,0.149292371604835,0.6967213114754098,0.1253771294579871,0.1918032786885246,0.2349393863283274,0.1212239613391562,0.7909836065573771,0.4344410108468088,488,0.0479266005683743,0.3555555555555555,0.3601014426661615,0.2745061728395062,0.6944444444444444,0.0646498189216464,0.2916666666666667,0.3182270279066282,0.2125181878306878,0.7083333333333334,0.1274306380943882,0.2694444444444444,0.3075411556109573,0.1765317401638181,0.8194444444444444,0.4993189394311685,72,0.0057070195465779,0.0834890965732087,0.0863510895796988,0.0551090342679127,0.2242990654205607,0.0102505915960633,0.0728971962616822,0.0778976714156675,0.0411441180833704,0.308411214953271,0.019041134970112,0.0694704049844236,0.0740725862240168,0.0317062386470462,0.4236760124610592,0.1684164451843338,321,0.4438747976254722,0.617225706577301,3.719917081845175,0.9791604176366268,0.8528023703623844,0.2006810442678773,0.0298856137042211,0.2090805902383655,0.2181128139503713,0.1577894438138478,0.4767309875141884,0.0520702780090795,0.1825198637911464,0.2002062985377498,0.122274858087179,0.5584562996594779,0.0874586724616716,0.1595346197502837,0.1876865459942811,0.0963279110032554,0.6526674233825198,0.3458954519922566,881,0.0442469811435022,0.2862422997946612,0.2981952878113414,0.2206279945242984,0.62217659137577,0.077069853450131,0.2468172484599589,0.2731934917290832,0.1721473678451531,0.702258726899384,0.1262439902420805,0.2135523613963039,0.2555980395243021,0.1365502970825941,0.784394250513347,0.4507103058440144,487,0.0400406174263442,0.3150684931506849,0.3304268005661179,0.2499086757990868,0.6438356164383562,0.0682770559084772,0.2767123287671233,0.300644308616566,0.1954947935541543,0.7123287671232876,0.1286927807122687,0.2342465753424657,0.2764024828451242,0.1501896848843991,0.821917808219178,0.4994926742610063,73,0.0057881021321185,0.0679127725856697,0.0710751635041348,0.0415057113187954,0.2180685358255451,0.0104569196712349,0.0635514018691588,0.066633906575342,0.0299603174603174,0.3052959501557632,0.0192389227378312,0.0605919003115264,0.0644804377723752,0.0230562240438739,0.4143302180685358,0.1519470686544845,321,0.4357798165137614,0.6177915334701538,3.660280203968447,0.9792461429142196,0.8539850400583647,0.1939841089670828
"lightgcn_abl__num_layers=2,patience=50",gnn_ablation,LightGCN,42,main,170.5368504000071,162.36479660015902,22,72,623872,527.35595703125,lightgcn,2 layers (patience 50),0.0416937084780972,0.3119182746878547,0.3284298323926566,0.2468173792407617,0.6674233825198638,0.0668690787821203,0.2825198637911464,0.3059319122201581,0.1993360418956332,0.7661748013620885,0.1234056592676017,0.2568671963677639,0.2927755461627188,0.1641351351282969,0.8615209988649262,0.5061250118443955,881,0.0464698464243447,0.2459016393442623,0.2620426082558375,0.1888985655737705,0.5840163934426229,0.0710751437006453,0.2165983606557377,0.2420865248934473,0.1481694260126637,0.6926229508196722,0.1288723737865917,0.1932377049180328,0.235508416509275,0.1213563553813423,0.7950819672131147,0.4211854973100881,488,0.0412592226753822,0.3138888888888889,0.3270840584432463,0.2420871913580247,0.6666666666666666,0.0675354739216151,0.3111111111111111,0.3237831043287139,0.2158901014109347,0.75,0.1265696188378528,0.2756944444444444,0.307944938231879,0.1779719627056873,0.8472222222222222,0.4894770217074138,72,0.0345302432445356,0.4118380062305296,0.4296568140223304,0.3359293873312565,0.794392523364486,0.0603253400584946,0.3763239875389408,0.3989888068731765,0.27340898976413,0.881619937694704,0.1143852176030371,0.3493769470404985,0.3764333749536878,0.2260659542278036,0.9657320872274144,0.6389883712917623,321,0.1397733405288721,0.6283329129219055,2.1236858845460693,0.8041505463522624,0.9703430275045588,0.0065834279228149,0.0423724536227241,0.3387060158910329,0.3520238777123222,0.2668804388951948,0.6946651532349603,0.0707612297359616,0.2935300794551646,0.3194515922728034,0.2088708493234599,0.7673098751418842,0.1212978983290137,0.2632236095346197,0.3000550341338662,0.1696165207399753,0.8524404086265607,0.5285251375107136,881,0.0444601636490893,0.2874743326488706,0.2985296758606833,0.221810403832991,0.6180698151950719,0.0753597450501788,0.2505133470225872,0.2748798945276582,0.1744229735015156,0.6919917864476386,0.1250004491195807,0.21652977412731,0.2570058382748957,0.1379348043773564,0.7864476386036962,0.4498739978924466,487,0.0409078740634302,0.3150684931506848,0.3247952260767059,0.2443378995433789,0.6575342465753424,0.0737157373765862,0.2767123287671232,0.297659030283965,0.189560230484888,0.7534246575342466,0.1330110855053196,0.2445205479452055,0.2801442980156804,0.1498219150787454,0.821917808219178,0.4869319417264622,73,0.0395381842301652,0.4218068535825545,0.4393739333856807,0.3403842159916926,0.8193146417445483,0.0631127686275834,0.3626168224299065,0.3920287693041767,0.2655244029075805,0.8847352024922118,0.1130168861829811,0.3383177570093458,0.3698944176851003,0.222183505418683,0.9595015576323987,0.6573083408949704,321,0.1489476524554776,0.6302835941314697,2.1279562542692303,0.8044753652122609,0.9695123348155246,0.0059023836549375
"lightgcn_abl__num_layers=3,patience=50",gnn_ablation,LightGCN,42,main,273.20582879998256,262.90156609995756,39,89,623872,529.6630859375,lightgcn,3 layers (patience 50),0.042171588687841564,0.31464245175936434,0.3273229719149183,0.24314226258040106,0.674233825198638,0.06789634056346015,0.2832009080590238,0.30486632242631945,0.19737889168153075,0.7639046538024972,0.12240163878877297,0.2564699205448354,0.2911768325855942,0.16313051129634623,0.8569807037457434,0.4963981644143858,881,0.046780800284536954,0.2422131147540984,0.2604499146840676,0.18945013661202187,0.5758196721311475,0.07242782480667792,0.2192622950819672,0.24476967474043979,0.15151828405542547,0.6844262295081968,0.12674935751833602,0.1918032786885246,0.23532497151114398,0.12237958569479317,0.7868852459016393,0.42355580187842407,488,0.02919340994466601,0.30833333333333335,0.32120242436418045,0.24893518518518518,0.5972222222222222,0.06516791838294883,0.30138888888888893,0.3141020689530175,0.20843419312169312,0.7361111111111112,0.1312126720454982,0.27847222222222223,0.3067135698194556,0.17741618062613182,0.8472222222222222,0.4811356974734168,72,0.03807543171064931,0.4261682242990655,0.4303595181837914,0.3234683281412254,0.8411214953271028,0.06161933771706309,0.37632398753894086,0.39415663495213565,0.26461875092716214,0.8909657320872274,0.11381571625135559,0.34984423676012466,0.37260070524445293,0.22187781192504824,0.9657320872274143,0.6105600663997413,321,0.15920129519697787,0.6375800967216492,2.1483442154046406,0.8046518001851997,0.9668270553074346,0.007377979568671922,0.041402540678651165,0.33098751418842226,0.34498139800648847,0.2579095724555429,0.695800227014756,0.0711497276044055,0.29682179341657206,0.3198908683632184,0.20821900339149407,0.7707150964812712,0.12264102382281886,0.2611237230419977,0.29847083480039277,0.16799868435715068,0.8535754824063564,0.5183365962403469,881,0.04385591397635805,0.280082135523614,0.2965709977429518,0.21938056125941136,0.6139630390143738,0.07446835227073292,0.2482546201232033,0.2749746243119082,0.1736257568279422,0.6981519507186859,0.1275424943388281,0.21478439425051332,0.2581214112924663,0.1378426118051103,0.7864476386036962,0.45749802552310165,487,0.041298542174033934,0.3260273972602739,0.33772871044731806,0.25461187214611875,0.6575342465753424,0.07393977262765632,0.2821917808219178,0.3058591031257476,0.1980225773718924,0.7397260273972602,0.1339505281283282,0.24041095890410955,0.282778673347021,0.15430406717719228,0.8356164383561644,0.508426066431601,73,0.03770409549127983,0.4093457943925234,0.42007582517210157,0.3171131879543095,0.8286604361370716,0.06548043321437817,0.37383177570093457,0.39122585190005155,0.26302040580856784,0.8878504672897196,0.11263289312001919,0.33613707165109036,0.3632549377114717,0.21686383821067284,0.9595015576323987,0.6128906542320506,321,0.15677280086346465,0.6337438821792603,2.1521302911202147,0.8041336467119922,0.9669148964191577,0.008399545970488087
