run,group,model,seed,data,fit_time_s,train_time_s,best_epoch,epochs_run,n_params,peak_gpu_mem_mb,variant,val/recall@5,val/precision@5,val/ndcg@5,val/map@5,val/hit@5,val/recall@10,val/precision@10,val/ndcg@10,val/map@10,val/hit@10,val/recall@20,val/precision@20,val/ndcg@20,val/map@20,val/hit@20,val/mrr,val/n_users,val/warm/recall@5,val/warm/precision@5,val/warm/ndcg@5,val/warm/map@5,val/warm/hit@5,val/warm/recall@10,val/warm/precision@10,val/warm/ndcg@10,val/warm/map@10,val/warm/hit@10,val/warm/recall@20,val/warm/precision@20,val/warm/ndcg@20,val/warm/map@20,val/warm/hit@20,val/warm/mrr,val/warm/n_users,val/sparse/recall@5,val/sparse/precision@5,val/sparse/ndcg@5,val/sparse/map@5,val/sparse/hit@5,val/sparse/recall@10,val/sparse/precision@10,val/sparse/ndcg@10,val/sparse/map@10,val/sparse/hit@10,val/sparse/recall@20,val/sparse/precision@20,val/sparse/ndcg@20,val/sparse/map@20,val/sparse/hit@20,val/sparse/mrr,val/sparse/n_users,val/cold/recall@5,val/cold/precision@5,val/cold/ndcg@5,val/cold/map@5,val/cold/hit@5,val/cold/recall@10,val/cold/precision@10,val/cold/ndcg@10,val/cold/map@10,val/cold/hit@10,val/cold/recall@20,val/cold/precision@20,val/cold/ndcg@20,val/cold/map@20,val/cold/hit@20,val/cold/mrr,val/cold/n_users,val/coverage@10,val/diversity@10,val/novelty@10,val/personalization@10,val/gini@10,val/tail_share@10,test/recall@5,test/precision@5,test/ndcg@5,test/map@5,test/hit@5,test/recall@10,test/precision@10,test/ndcg@10,test/map@10,test/hit@10,test/recall@20,test/precision@20,test/ndcg@20,test/map@20,test/hit@20,test/mrr,test/n_users,test/warm/recall@5,test/warm/precision@5,test/warm/ndcg@5,test/warm/map@5,test/warm/hit@5,test/warm/recall@10,test/warm/precision@10,test/warm/ndcg@10,test/warm/map@10,test/warm/hit@10,test/warm/recall@20,test/warm/precision@20,test/warm/ndcg@20,test/warm/map@20,test/warm/hit@20,test/warm/mrr,test/warm/n_users,test/sparse/recall@5,test/sparse/precision@5,test/sparse/ndcg@5,test/sparse/map@5,test/sparse/hit@5,test/sparse/recall@10,test/sparse/precision@10,test/sparse/ndcg@10,test/sparse/map@10,test/sparse/hit@10,test/sparse/recall@20,test/sparse/precision@20,test/sparse/ndcg@20,test/sparse/map@20,test/sparse/hit@20,test/sparse/mrr,test/sparse/n_users,test/cold/recall@5,test/cold/precision@5,test/cold/ndcg@5,test/cold/map@5,test/cold/hit@5,test/cold/recall@10,test/cold/precision@10,test/cold/ndcg@10,test/cold/map@10,test/cold/hit@10,test/cold/recall@20,test/cold/precision@20,test/cold/ndcg@20,test/cold/map@20,test/cold/hit@20,test/cold/mrr,test/cold/n_users,test/coverage@10,test/diversity@10,test/novelty@10,test/personalization@10,test/gini@10,test/tail_share@10
hyb__collaborative_only_s42,hybrid,"collaborative only (id, no graph)",42,main,35.27766620001057,30.72621499997331,16,36,623872,80.59130859375,"collaborative only (id, no graph)",0.0421781337017797,0.3116912599318956,0.321040205193171,0.2362788497919031,0.6662883087400681,0.0679469072117737,0.2780930760499432,0.2981662879343076,0.1904776184341816,0.757094211123723,0.1145490131682295,0.2494892167990919,0.2822569265832659,0.156910221227533,0.8467650397275823,0.4846151435263952,881,0.0470083985474124,0.2426229508196721,0.2553788683536664,0.1825597677595628,0.5758196721311475,0.0742730849553622,0.2168032786885246,0.2397273630771453,0.145514629064285,0.680327868852459,0.117415389465342,0.1852459016393442,0.225708728805459,0.11605205617748,0.7725409836065574,0.4035415061758607,488,0.0364630065913502,0.3166666666666666,0.3249929698997296,0.2456828703703703,0.5972222222222222,0.0602215833035558,0.2986111111111111,0.312118185275732,0.2105968915343915,0.6944444444444444,0.110647852673982,0.2701388888888889,0.297347009202361,0.174317320846935,0.8194444444444444,0.480580459165018,72,0.036116825001724,0.4155763239875389,0.4199751999558064,0.3158359293873313,0.8193146417445483,0.0600623233566973,0.3666666666666667,0.3838786204007021,0.2543198338525441,0.8878504672897196,0.1110664334878398,0.3425233644859812,0.3648395887857423,0.2151204186475606,0.9657320872274144,0.608772253498607,321,0.1921208850512682,0.647637128829956,2.2594754769799787,0.8079213516905892,0.9577003392970138,0.0209988649262201,0.0395855377794386,0.3171396140749149,0.3327897102946105,0.2472209610291335,0.6708286038592508,0.0668483794733901,0.2808172531214529,0.3049273345320552,0.1941435834013262,0.7627695800227015,0.1135982872092635,0.2528376844494892,0.2865143338040981,0.1584365046959553,0.8456299659477866,0.5135012131227381,881,0.0403337163705459,0.2546201232032854,0.2759056809253174,0.2012422997946611,0.5749486652977412,0.0686713007833044,0.2283367556468172,0.2556891924139118,0.1565266932691397,0.6858316221765913,0.1148770386302939,0.2010266940451745,0.2400936115144122,0.1242044435961319,0.7761806981519507,0.4502047419667142,487,0.0400724737355266,0.2931506849315068,0.3080084309703638,0.2193150684931507,0.6712328767123288,0.0730053487794578,0.273972602739726,0.2919654254790036,0.1777672682467203,0.7671232876712328,0.1177352770983984,0.2390410958904109,0.2707239312717751,0.1424182525229177,0.8082191780821918,0.497558909887677,73,0.0383397144191158,0.4174454828660436,0.4247260208663106,0.3233229491173416,0.8161993769470405,0.0626825806033864,0.361993769470405,0.3825759157545119,0.2549376534968435,0.8785046728971962,0.1107174392218844,0.3345794392523364,0.3605317516855205,0.214013907076783,0.9595015576323987,0.6131559470453021,321,0.205342687533729,0.6466376185417175,2.2772575937087165,0.8072908595250586,0.9559731037131552,0.0258796821793416
hyb__collaborative_only_s43,hybrid,"collaborative only (id, no graph)",43,main,24.861689200013643,21.56414750003023,18,38,623872,80.43505859375,"collaborative only (id, no graph)",0.0383141635581209,0.2951191827468785,0.3127364458343906,0.2255631227140875,0.6674233825198638,0.0666976364873599,0.2729852440408626,0.2947603092567201,0.185018835318211,0.7491486946651532,0.1129572302110436,0.2436435868331441,0.2775035845934884,0.1525142487091601,0.8444948921679909,0.4953992098290988,881,0.041000221084847,0.2233606557377049,0.239029479778418,0.1649271402550091,0.5635245901639344,0.0693630965928108,0.2012295081967213,0.2246764709329826,0.1304603472764333,0.6659836065573771,0.1127145968899585,0.1743852459016393,0.212969730982943,0.1046392379894165,0.7684426229508197,0.4011179354500326,488,0.033574875856986,0.3194444444444444,0.3280833045151754,0.2456481481481481,0.6527777777777778,0.0533901125204983,0.275,0.2955832479941486,0.1972905643738977,0.7083333333333334,0.12189304657395,0.2555555555555556,0.2889536491101178,0.1676789176572476,0.8611111111111112,0.4801983745385448,72,0.0352937044971845,0.3987538940809969,0.4213471175175622,0.3132398753894081,0.8286604361370716,0.0656303380267804,0.381619937694704,0.4011206254962499,0.2652087969144044,0.8847352024922118,0.1113217980694869,0.3462616822429907,0.3730428865148244,0.2218947753975483,0.956386292834891,0.6421397769253734,321,0.2110091743119266,0.6459848880767822,2.3142465877516525,0.8135614025240835,0.9523774374530244,0.0266742338251986,0.0391397417739268,0.3135073779795687,0.3321679070392998,0.2426081473073527,0.6889897843359818,0.0699055842994965,0.2854710556186152,0.3104255649898329,0.1974400289817024,0.771850170261067,0.1140034173604899,0.2515323496027242,0.2881219407770909,0.1591186121227983,0.8410896708286039,0.5250438719793046,881,0.0415363491973216,0.2632443531827515,0.2775790914891465,0.1984759297284964,0.6036960985626283,0.0746488634385413,0.2373716632443531,0.2616060509740238,0.1593312287269459,0.6960985626283368,0.116045741278201,0.2045174537987679,0.2436906274799581,0.1266920657034302,0.7700205338809035,0.4448972847332521,487,0.0392281467950015,0.2904109589041095,0.3089113610342138,0.223607305936073,0.6575342465753424,0.0684792632576028,0.2493150684931507,0.2785216670417073,0.1697669783286221,0.7671232876712328,0.1159484094669409,0.2191780821917808,0.2602018086506681,0.1326092420796394,0.821917808219178,0.4974936783155961,73,0.0354836627031115,0.3950155763239876,0.4202753245822778,0.313883696780893,0.8255451713395638,0.0630337602974511,0.3666666666666667,0.3917467110207122,0.2615494321646969,0.8878504672897196,0.1104626193178225,0.3302180685358255,0.3618796330541394,0.214342637416826,0.9532710280373832,0.6529022898181777,321,0.2161359956826767,0.6468443274497986,2.312731208061094,0.8126947146482413,0.952134986183708,0.0306469920544835
hyb__collaborative_only_s44,hybrid,"collaborative only (id, no graph)",44,main,21.42503830001806,18.659754199907184,12,32,623872,80.37353515625,"collaborative only (id, no graph)",0.0399015752146188,0.3101021566401816,0.3235672998292292,0.2372767688233068,0.6662883087400681,0.0646329921917673,0.2791146424517594,0.3005660858717173,0.193386344195895,0.7491486946651532,0.1146615863817614,0.2494892167990919,0.2832181083781731,0.1574399747410929,0.8410896708286039,0.4987654972933716,881,0.0421114284729217,0.2331967213114754,0.2482148045824594,0.1761031420765027,0.5594262295081968,0.0671270073961928,0.2094262295081967,0.2321140091618084,0.1401920622529522,0.6680327868852459,0.1181058393021036,0.1843237704918033,0.2224450790534636,0.1123585190004793,0.7704918032786885,0.407847986564505,488,0.0330652373635414,0.3138888888888889,0.3162821561119431,0.2367476851851851,0.6111111111111112,0.0539642702783598,0.2819444444444444,0.2947614592196341,0.198504188712522,0.6805555555555556,0.1025835280437115,0.2569444444444444,0.281941182691322,0.1665836947568812,0.7916666666666666,0.4598675422898204,72,0.0380754317106493,0.4261682242990655,0.4397559229696289,0.3303946002076843,0.8411214953271028,0.063234451874028,0.3844236760124611,0.4059322745115474,0.2731069821490382,0.8878504672897196,0.1121345607593709,0.3468847352024922,0.3758946721162152,0.2239240948665841,0.9595015576323987,0.6457075471249685,321,0.164328116567728,0.6509323716163635,2.1520954811933226,0.80018488163787,0.9665903008466192,0.0106696935300794,0.0422804753564145,0.3250851305334847,0.3392472266826079,0.2493438642956236,0.7003405221339387,0.0682260637383184,0.2931895573212258,0.3153069014729729,0.2042680538289221,0.7763904653802497,0.1144422904929784,0.2573212258796821,0.2922627224136591,0.1638944259638482,0.8479001135073779,0.5223905264043125,881,0.0467724344091069,0.2735112936344969,0.2862608281105771,0.2058356148756559,0.6262833675564682,0.0711398283551835,0.2408624229979466,0.2647959826117124,0.164740576415371,0.7104722792607803,0.1167702278110682,0.2096509240246406,0.2481170004406994,0.1312347440046147,0.7802874743326489,0.4439055349397623,487,0.0324371038228121,0.2986301369863013,0.3088261023871478,0.2326940639269406,0.6301369863013698,0.0577398553905328,0.263013698630137,0.2813768425361532,0.1779147640791476,0.7397260273972602,0.1149054894414254,0.2465753424657534,0.2722995343095502,0.146809245759309,0.821917808219178,0.4766280629050466,73,0.0377040954912798,0.4093457943925234,0.4265528907889865,0.3191381100726895,0.8286604361370716,0.0661902065450943,0.3794392523364486,0.3996549132730406,0.2702296477608004,0.8847352024922118,0.1108051596607467,0.3320872274143302,0.3637776112997379,0.2173289532818484,0.956386292834891,0.6518698120076842,321,0.1726929303831624,0.6519681215286255,2.146801189172029,0.7943112371158144,0.966236976207555,0.0132803632236094
hyb__content_only_s42,hybrid,"content only (no id, no graph)",42,main,22.90060799999628,20.14723999996204,10,30,13952,74.02392578125,"content only (no id, no graph)",0.0299386797308675,0.2631101021566402,0.2728637839149987,0.1986158405851936,0.5811577752553916,0.0530720528133139,0.2401816118047673,0.2561712944982833,0.1586648648192618,0.7071509648127128,0.0945866600365904,0.2156072644721906,0.2420353572302692,0.1284549639198858,0.8138479001135074,0.4300505282988072,881,0.0305600030609204,0.1864754098360656,0.1942215236862951,0.1305134335154827,0.4836065573770491,0.053548686039098,0.1694672131147541,0.1842388722378392,0.1024983246182504,0.6168032786885246,0.0946449753652821,0.1518442622950819,0.1798121020320232,0.0841520658758277,0.7418032786885246,0.340405055308877,488,0.0233986239759491,0.2833333333333334,0.2967206794007812,0.2297685185185185,0.5416666666666666,0.0466600386009528,0.2819444444444444,0.2913248798695358,0.1988547178130511,0.6527777777777778,0.0905340672853777,0.2423611111111111,0.2670014067891029,0.1584229587166772,0.7777777777777778,0.4465011703982292,72,0.0304610418158779,0.3750778816199377,0.3870685394185222,0.2951609553478712,0.7383177570093458,0.0537856603183213,0.3383177570093458,0.3576415870726338,0.2350374573505414,0.8566978193146417,0.095406998970191,0.3065420560747663,0.3310303509016337,0.189084616942102,0.9314641744548288,0.5626441251459335,321,0.0501888828926065,0.6411649584770203,2.0884991526274512,0.7897167071934625,0.990056618925778,0.0043132803632236,0.030833178547761,0.2631101021566402,0.2706999694734786,0.1963242527430949,0.5970488081725313,0.0532869900210626,0.240522133938706,0.2551846038985321,0.15784228201307,0.7094211123723042,0.0911105725925899,0.2118615209988649,0.2379993127257673,0.1248562893952797,0.8127128263337117,0.4218127074651815,881,0.0322794706552435,0.2106776180698152,0.2232417730255436,0.1581279945242984,0.5236139630390144,0.0522202470666629,0.1876796714579055,0.2077635454400669,0.1231335412330572,0.6344969199178645,0.0879259942388776,0.1614989733059548,0.1937122399612574,0.0953137195428433,0.728952772073922,0.3738558615186068,487,0.0177995898944289,0.189041095890411,0.197709410090873,0.1333333333333333,0.4520547945205479,0.0425968102786853,0.1890410958904109,0.1953153215959485,0.1092520113068058,0.6164383561643836,0.0848145418666364,0.1787671232876712,0.1923688627322134,0.0883985717891342,0.821917808219178,0.3481452703631336,73,0.0316029845145813,0.3595015576323987,0.3592995099877294,0.2685981308411215,0.7414330218068536,0.0573364820459418,0.332398753894081,0.3407438346691275,0.2215502151016169,0.8442367601246106,0.0973738121603545,0.2957943925233644,0.3155657528685888,0.177967332708006,0.9376947040498442,0.5113226977593605,321,0.0485698866702644,0.6390297412872314,2.0723359326499886,0.7855543744621188,0.9902728526247891,0.0032917139614074
hyb__content_only_s43,hybrid,"content only (no id, no graph)",43,main,48.95310410001548,43.51009300004807,38,58,13952,74.02392578125,"content only (no id, no graph)",0.0345976822409621,0.262883087400681,0.2773035130438451,0.1999545970488081,0.6095346197502838,0.0577793201327726,0.2419977298524404,0.2616322684266185,0.161257991309779,0.7241770715096482,0.0969811053926228,0.2141316685584563,0.2453507128069369,0.1296507917580387,0.8127128263337117,0.4448401237604332,881,0.0377240228341324,0.1885245901639344,0.2037168980215685,0.1367349726775956,0.5163934426229508,0.060945168663285,0.1727459016393442,0.194122874912792,0.1096060139105733,0.6290983606557377,0.1000017831042235,0.1517418032786885,0.1873105218992014,0.0894929676988866,0.7397540983606558,0.3630477145794451,488,0.0297451899465653,0.3111111111111111,0.3321252452593327,0.2594907407407407,0.625,0.0524356358693389,0.2833333333333333,0.3077706766309215,0.2101113315696648,0.7222222222222222,0.0880332218854983,0.2513888888888889,0.2835313941007633,0.1710597011538704,0.7638888888888888,0.5090778819945486,72,0.0309332748756334,0.3651090342679128,0.3768770439203432,0.2827102803738318,0.7476635514018691,0.0541650247560659,0.338006230529595,0.3539145694983865,0.2288241111605597,0.8691588785046729,0.0943959243622548,0.3006230529595015,0.3250223767004556,0.1814127128308311,0.9345794392523364,0.5547765009799528,321,0.0528872099298435,0.6819521188735962,2.062302966652933,0.8278406434936668,0.9889900293600034,0.0053348467650397,0.0317288736254763,0.2681044267877412,0.2808064908869745,0.2038368646739816,0.601589103291714,0.0575023969444656,0.2480136208853575,0.2656281907973109,0.163671211180062,0.7423382519863791,0.0949464937715328,0.2185584562996595,0.2470736791221533,0.1300067109770709,0.8297389330306469,0.4509164748409661,881,0.0319811185777623,0.2156057494866529,0.2266236507682425,0.1577076203513575,0.5318275154004107,0.0588870486839066,0.1995893223819302,0.2165368166788421,0.1257223299617207,0.6694045174537988,0.0939695765042304,0.1707392197125256,0.2013964706412034,0.0983426930835039,0.7597535934291582,0.3818341909949719,487,0.0296974853557363,0.2356164383561644,0.2389762943889935,0.1615525114155251,0.5616438356164384,0.0507898249473373,0.2054794520547945,0.2188048282452688,0.1224544673272657,0.7123287671232876,0.0918682172537755,0.1924657534246575,0.2133841636379802,0.1028374962900823,0.821917808219178,0.4020888414119679,73,0.0318081510458119,0.3551401869158878,0.3725219036040308,0.2834371754932502,0.7165109034267912,0.0569282298375577,0.3311526479750779,0.3507546850714337,0.230618025680331,0.8598130841121495,0.0971286523228492,0.2970404984423676,0.3240336017407429,0.184223936479617,0.9376947040498442,0.566827657000829,321,0.0558553696708041,0.6753343343734741,2.062460129965191,0.8203121111430158,0.9889613615494828,0.0071509648127128
hyb__content_only_s44,hybrid,"content only (no id, no graph)",44,main,44.65134939999552,39.56689989994629,42,62,13952,74.02392578125,"content only (no id, no graph)",0.0296123051532391,0.2544835414301929,0.2659211890993737,0.1915805902383655,0.5754824063564131,0.0535102241795177,0.2325766174801362,0.2498492821822543,0.1518525210563479,0.7094211123723042,0.0922985293706597,0.2097048808172531,0.2363002378998744,0.121787005362584,0.811577752553916,0.4331361443645015,881,0.0309260808003903,0.1864754098360656,0.1972830603483425,0.1343015710382513,0.4754098360655737,0.0560655960669686,0.1702868852459016,0.1873028744645455,0.1048301449450454,0.6270491803278688,0.0935291770344411,0.1501024590163934,0.1796448625483372,0.0835499624376999,0.7459016393442623,0.3511206004554891,488,0.0251273338556479,0.2861111111111111,0.3069117317851736,0.2392592592592592,0.5694444444444444,0.0472419609881986,0.2680555555555555,0.2889422357762146,0.1930142195767195,0.6805555555555556,0.090726599654247,0.2395833333333333,0.267887414719101,0.1510819160020979,0.7777777777777778,0.4791554816370992,72,0.0286210136193352,0.3507788161993769,0.3610741104611355,0.2679646936656283,0.7289719626168224,0.0510313876334084,0.3193146417445482,0.336166896847291,0.2141057212085249,0.8411214953271028,0.0907802205845425,0.293613707165109,0.3153455539140981,0.1733460190114888,0.9190031152647976,0.5474981167756261,321,0.0582838640043173,0.6659082770347595,2.133487628776773,0.8501548625159054,0.9876360266169594,0.003405221339387,0.0294574571384341,0.2706015891032917,0.2782899768969864,0.2006999621642073,0.6118047673098751,0.0530398483558328,0.2438138479001135,0.2592063895071494,0.1573639395010537,0.7366628830874007,0.0919110166780019,0.2185017026106697,0.2434766635895165,0.1262726754479399,0.8161180476730987,0.4397723461868308,881,0.0278623706015799,0.2160164271047228,0.2211977423612723,0.1513620807665982,0.5420944558521561,0.0521836476696728,0.1958932238193018,0.2091531093725676,0.1193376743426855,0.6735112936344969,0.0894292596703161,0.1685831622176591,0.1954918580389484,0.0934733410909916,0.7351129363449692,0.3713791025377569,487,0.0246229210654845,0.1972602739726027,0.210052422646076,0.1374429223744292,0.5342465753424658,0.0419843597062124,0.1835616438356164,0.1973092816541804,0.1059557978442518,0.6712328767123288,0.0780012373071058,0.1726027397260273,0.1915218753378827,0.0881068147221254,0.821917808219178,0.3876135836328169,73,0.0329768598698151,0.3700934579439252,0.3804247422527784,0.2899376947040498,0.735202492211838,0.0568529960367742,0.3302180685358255,0.3492202097526576,0.2267458257100001,0.8473520249221184,0.0988394576649751,0.3046728971962616,0.3280913048527437,0.1847131230018909,0.9376947040498442,0.5553957085654664,321,0.0520777118186724,0.6627382636070251,2.1122170568792544,0.8413713528613526,0.9882333339254749,0.0018161180476731
hyb__id__content_s42,hybrid,id + content (no graph),42,main,27.845112500013784,24.86174720007693,11,31,637824,84.58837890625,id + content (no graph),0.0380928123024552,0.3026106696935301,0.3127718793983876,0.2361212006558204,0.6299659477866061,0.0671882880819742,0.2777525539160045,0.2962898404611597,0.1929851689698455,0.7491486946651532,0.1138670991524527,0.2485811577752553,0.2799469337049445,0.157419808542189,0.8365493757094211,0.468778412323998,881,0.0434651364843098,0.2348360655737705,0.2468141459258151,0.1736600637522768,0.5676229508196722,0.0724716134061215,0.2092213114754098,0.2322060785109613,0.1379333636915604,0.6700819672131147,0.117861729529594,0.1823770491803278,0.2209409692896425,0.1109950155180847,0.7704918032786885,0.4007694476248599,488,0.0313017530616964,0.3333333333333333,0.3389008795597057,0.2693518518518518,0.5694444444444444,0.0624428668012431,0.2916666666666667,0.3106807704311605,0.2142802028218694,0.7083333333333334,0.1174843454331617,0.2604166666666667,0.2935729584578137,0.1722242955959255,0.7916666666666666,0.4603286374119708,72,0.0314487688899618,0.3987538940809969,0.4071833620245573,0.3236240913811007,0.7383177570093458,0.0602207104309734,0.378816199376947,0.3904852575136729,0.2719011768778123,0.8785046728971962,0.1069829204725274,0.3465732087227414,0.3665944005350406,0.2246764313705188,0.9470404984423676,0.5740642645571612,321,0.1691851052347544,0.6352995038032532,2.328540146883995,0.9151419483965624,0.9628202387391552,0.0178206583427922,0.0349281037551685,0.3044267877412032,0.3196581159593267,0.2411325513936184,0.6322360953461975,0.0660269475127474,0.2775255391600454,0.2996797656767895,0.1929149725640455,0.7627695800227015,0.1101626902921359,0.2476730987514188,0.2805737783105277,0.1549045549677043,0.8376844494892168,0.4904180233216333,881,0.0356334616822416,0.2468172484599589,0.2646889021209199,0.1916176135067305,0.5646817248459959,0.0698912967810405,0.2252566735112936,0.250566725874963,0.1513353722354406,0.6940451745379876,0.1116905530698194,0.1962012320328542,0.2347751215835886,0.1197928752045076,0.7659137577002053,0.4354248637178339,487,0.0359082058489945,0.3013698630136986,0.318487130417193,0.2297260273972603,0.6575342465753424,0.0659090109389998,0.273972602739726,0.2939794995907159,0.1819524171921432,0.7671232876712328,0.1158359277270434,0.2349315068493151,0.2688499469390299,0.1390193304363108,0.8493150684931506,0.51396227440748,73,0.0336350920313867,0.3925233644859813,0.4033200757221922,0.3188473520249221,0.7289719626168224,0.0601910324854104,0.3576323987538941,0.3754871482555211,0.2584898383029224,0.8660436137071651,0.1065545422999862,0.3286604361370716,0.3527226428467854,0.2117862042993818,0.9439252336448598,0.5684957130343549,321,0.167835941716136,0.6433278918266296,2.333405697997215,0.9165621242733852,0.9630617711683908,0.0166855845629966
hyb__id__content_s43,hybrid,id + content (no graph),43,main,27.5297613000148,24.50258429997484,9,29,637824,84.38330078125,id + content (no graph),0.03900445496368,0.3080590238365494,0.31856946298558,0.2413860512044393,0.6424517593643587,0.0727127075688656,0.2809307604994324,0.3018873007368207,0.1983942262952181,0.7673098751418842,0.1172792135593345,0.249205448354143,0.2835956375004928,0.1606259434312342,0.8547105561861521,0.4775559460669612,881,0.0427173956128207,0.2270491803278689,0.2403955704721286,0.169308970856102,0.5594262295081968,0.078810387156102,0.2036885245901639,0.2286536520566164,0.1354335992517832,0.680327868852459,0.1201035380302841,0.1773565573770491,0.2179693733897245,0.1090025178884334,0.7766393442622951,0.3996542954344431,488,0.0401479904865049,0.3444444444444444,0.3719315112277086,0.2846990740740741,0.6666666666666666,0.0823927926806644,0.3180555555555555,0.3508873439721933,0.2346255878894767,0.7916666666666666,0.130332322891968,0.2798611111111111,0.3261333440136617,0.1918822871507317,0.9027777777777778,0.5682952962977473,72,0.0331033658844775,0.4230529595015577,0.4254442046464242,0.3412461059190031,0.7632398753894081,0.061271480881573,0.3900311526479751,0.402230034204088,0.285983409978737,0.8940809968847352,0.110057736257861,0.3515576323987539,0.3738227465880528,0.2320956472227699,0.9626168224299064,0.5756331183163451,321,0.1570426335671883,0.6351289749145508,2.3374859371561563,0.9006719122904977,0.965788704760143,0.0177071509648126,0.0391568552325935,0.3098751418842225,0.31751715879441,0.238677639046538,0.6492622020431328,0.0714372986566038,0.282633371169126,0.3006951558858279,0.193990879121649,0.7820658342792282,0.1140464182958166,0.2482973893303064,0.2803901345579017,0.1561404557938695,0.8547105561861521,0.4740490522664417,881,0.0425790653686539,0.2525667351129363,0.2624506880593598,0.1857152635181382,0.5893223819301848,0.076073797000783,0.2301848049281314,0.2512202136111223,0.1517213082472322,0.7145790554414785,0.1177302313319621,0.1982546201232032,0.2355945625060508,0.1207667280230213,0.7864476386036962,0.4210435482922626,487,0.04291930011546,0.3150684931506849,0.3246227259440546,0.2413470319634703,0.6712328767123288,0.0802581318929521,0.2753424657534247,0.2967974567803027,0.1850232236476528,0.7945205479452054,0.1174731787022736,0.226027397260274,0.2660324884241333,0.1405379198748443,0.863013698630137,0.488516568935586,73,0.0331092701462675,0.395638629283489,0.3994444636107508,0.3184215991692627,0.735202492211838,0.0623971256975112,0.3638629283489097,0.3766416634325099,0.2601588537803491,0.881619937694704,0.1076782860270497,0.3292834890965732,0.3516161524925323,0.2133553796147164,0.956386292834891,0.5511753816078054,321,0.1659471127900701,0.6360114216804504,2.345146459431347,0.9008418658505116,0.9649738161204978,0.0203178206583427
hyb__id__content_s44,hybrid,id + content (no graph),44,main,23.546472199988784,20.94057929993141,8,28,637824,84.58837890625,id + content (no graph),0.0367218260565147,0.3069239500567537,0.3183758299234391,0.2398262706520368,0.6356413166855845,0.0655721117418904,0.2782065834279228,0.2986482075448042,0.1949398563183629,0.7502837684449489,0.112477868363461,0.2440976163450624,0.2789302789379652,0.1561516933656714,0.8433598183881952,0.4808832379662037,881,0.0386917659051256,0.2270491803278689,0.2408529574226654,0.1715323315118397,0.5348360655737705,0.0681814594265528,0.2004098360655737,0.224525644924788,0.1335041583801098,0.6680327868852459,0.1159990289924277,0.1776639344262295,0.2166566075068332,0.1086956370577975,0.7725409836065574,0.3941037310160191,488,0.0328628996098335,0.3416666666666667,0.343261298612785,0.268136574074074,0.625,0.0551337640891097,0.2916666666666667,0.309338360526148,0.2141231261022927,0.7083333333333334,0.1123121306471261,0.26875,0.2972622675529742,0.1770308009980836,0.8194444444444444,0.4868002424681346,72,0.0345925801314022,0.4205607476635514,0.4306481290970986,0.3373001038421599,0.7912772585669782,0.0639465645795382,0.3934579439252337,0.4089351843171131,0.2840346387776294,0.8847352024922118,0.10716200147449,0.3395638629283489,0.3694899315177527,0.2236135616794061,0.956386292834891,0.6114825372420638,321,0.1511063140852671,0.643494188785553,2.290208957854064,0.9121156093583505,0.966602797071718,0.0143019296254256,0.0389492478431326,0.3037457434733258,0.3179839113229258,0.2339147433472065,0.6651532349602725,0.066524860769502,0.2733257661748013,0.2953457157048315,0.1870831301053653,0.7604994324631101,0.111872631211104,0.24472190692395,0.2778554502891244,0.1523518065191725,0.8456299659477866,0.4987506352896003,881,0.042668388474747,0.246406570841889,0.2626381317670667,0.1862126397444672,0.5831622176591376,0.0693543072935476,0.2182751540041068,0.2435456406313823,0.1467110199658234,0.6817248459958932,0.1130166583871704,0.1904517453798768,0.228727348020969,0.1164363807797872,0.7761806981519507,0.429022031160209,487,0.0353784936107502,0.2657534246575342,0.2820780313648868,0.1950228310502283,0.6575342465753424,0.0717687909648367,0.2547945205479452,0.2720564768714472,0.1562223671812713,0.7808219178082192,0.1249853386027153,0.2294520547945206,0.2627176605398042,0.1308780244793523,0.8904109589041096,0.4976864825755788,73,0.0341188539844651,0.3993769470404984,0.4101163844713378,0.3151298026998961,0.7912772585669782,0.0610396664970108,0.3610591900311526,0.3792296751927029,0.2553512090194333,0.8753894080996885,0.1071549711664563,0.3305295950155763,0.355831912769785,0.2117237642262986,0.940809968847352,0.6047802719224263,321,0.157312466270912,0.6438818573951721,2.2829514366090486,0.910130225547812,0.966561694292104,0.0140749148694665
hyb__graph_only_s42,hybrid,graph only (id + graph),42,main,51.292105600005016,47.91133080000873,16,36,623872,524.130859375,graph only (id + graph),0.0409161949630258,0.3123723041997729,0.3233632355152382,0.2414033926094085,0.6572077185017026,0.0705262876621338,0.28422247446084,0.3036437888237286,0.1947721451636105,0.7684449489216799,0.122475837511595,0.2572644721906924,0.2904228222611503,0.1624085164043434,0.8592508513053349,0.4907547341041417,881,0.0450707073734563,0.244672131147541,0.260146622737847,0.1897962204007286,0.5614754098360656,0.0747490540958066,0.219672131147541,0.2438778415853817,0.1495756095395049,0.6905737704918032,0.1273274017943604,0.1935450819672131,0.2349903660636845,0.1218798467772477,0.7930327868852459,0.4163638278431235,488,0.0399240970420293,0.3111111111111111,0.3211030473200226,0.2380439814814815,0.625,0.0684638123263417,0.3069444444444444,0.3185807082564733,0.2089309597295708,0.7361111111111112,0.1256636933540612,0.2784722222222222,0.3087977837598647,0.1790388313327933,0.8333333333333334,0.4790064351951607,72,0.0348228273431556,0.415576323987539,0.4199751999558064,0.3206126687435098,0.8099688473520249,0.0645692415703725,0.3772585669781931,0.3911525864971108,0.2603063343717549,0.8940809968847352,0.1143852176030371,0.3493769470404985,0.3705724839323525,0.2202920307444503,0.9657320872274144,0.6064825838761777,321,0.1478683216405828,0.6529532670974731,2.130053756056893,0.7980769566157455,0.9689952728740644,0.0088535754824063,0.0406079654438481,0.3248581157775256,0.3379216762333363,0.2508683314415437,0.6912599318955732,0.0696674006214393,0.2946651532349603,0.3154877407192394,0.20263288517366,0.7775255391600454,0.1198478564842237,0.2635073779795687,0.2969314349594069,0.166573060345,0.8524404086265607,0.5170187600530354,881,0.0443037010693398,0.2817248459958932,0.2963889549667978,0.2182854209445585,0.62217659137577,0.0726009392065073,0.2486652977412731,0.2735424326728106,0.1709782646232118,0.7104722792607803,0.1222319903906156,0.2169404517453798,0.2568931817210139,0.1373740964013216,0.7823408624229979,0.4594334739843986,487,0.0363381799874885,0.3041095890410958,0.3169233793092891,0.2377625570776255,0.6438356164383562,0.0697919418786808,0.2698630136986302,0.2913748793146418,0.1848981058684255,0.726027397260274,0.1339802983237578,0.2452054794520548,0.2796678045754309,0.1490928346074739,0.8493150684931506,0.48706976611892,73,0.0359720498323211,0.3950155763239876,0.4057076915986312,0.3032814122533748,0.8068535825545171,0.065188507155063,0.3700934579439253,0.3846080020935277,0.2546903278445334,0.8909657320872274,0.1130168861829811,0.3383177570093458,0.3616008254426707,0.2148470538634136,0.9595015576323987,0.6111941833322146,321,0.1578521316783594,0.6557172536849976,2.1300519042682664,0.7965564612527976,0.9684916872537892,0.0090805902383654
hyb__graph_only_s43,hybrid,graph only (id + graph),43,main,56.82493760000216,53.047329299966805,16,36,623872,524.0576171875,graph only (id + graph),0.0410619524115001,0.3103291713961408,0.3288290403466004,0.2454994324631101,0.6730987514188422,0.0688285101793257,0.2791146424517594,0.3046647227606845,0.1956042841528085,0.775255391600454,0.1200214710119577,0.2549375709421112,0.2909132190210673,0.1618463394034751,0.8637911464245176,0.514797691131886,881,0.0468020900519317,0.2516393442622951,0.2681811684686699,0.193650956284153,0.5901639344262295,0.0738206337186053,0.217827868852459,0.2454242673365531,0.1500347899861219,0.694672131147541,0.1234259771738539,0.1918032786885246,0.2347204377090328,0.120948956100443,0.7889344262295082,0.4336911110024659,488,0.0365363498864951,0.3055555555555556,0.3231642837041407,0.2404166666666667,0.6527777777777778,0.067752996270585,0.2902777777777777,0.3092878234728649,0.200445877425044,0.7638888888888888,0.1261579462698746,0.26875,0.3008186625422875,0.1702560195881005,0.8888888888888888,0.5012471432363074,72,0.0333506010509699,0.4006230529595015,0.4222995199562178,0.3254620976116303,0.8037383177570093,0.06148047502126,0.3697819314641744,0.3936880218127069,0.2637953073233447,0.9003115264797508,0.1134693675054926,0.3478193146417446,0.3741184693224536,0.2221342711124677,0.97196261682243,0.6411392816354333,321,0.1527253103076092,0.6559095978736877,2.1402732841039285,0.7990242446681295,0.9684145659430088,0.0081725312145289,0.0411021361857656,0.3282633371169126,0.3474111862790829,0.2607746878547106,0.6901248581157775,0.0693267748233493,0.2929625425652667,0.3196967596410043,0.2073952646703781,0.775255391600454,0.1201065320091242,0.2632236095346197,0.3003964647805612,0.1688452112143505,0.8490351872871736,0.5330024110757638,881,0.0443839654042708,0.2874743326488706,0.3018792988348774,0.2265965092402464,0.6016427104722792,0.0729808248134572,0.2503080082135524,0.2764047831581006,0.1762394003346262,0.7002053388090349,0.123541431031227,0.2180698151950718,0.2595866062826497,0.1404592432859106,0.784394250513347,0.4541039419735359,487,0.0414465051881433,0.3205479452054794,0.3330527079873371,0.2444748858447488,0.684931506849315,0.0765232943226596,0.2876712328767123,0.3092758770307615,0.1931938102486047,0.7671232876712328,0.1307025258871403,0.2452054794520548,0.2846680591375162,0.1524549088666523,0.7945205479452054,0.5077435312024353,73,0.036044847193287,0.3919003115264798,0.4197544825427138,0.3163343717549325,0.8255451713395638,0.0621464998431866,0.3588785046728972,0.3877463452413839,0.2578924986401621,0.8909657320872274,0.1124856492151704,0.3358255451713396,0.3658873516977737,0.2156379166739523,0.9595015576323987,0.6584461889061004,321,0.1540744738262277,0.6540070176124573,2.1492096888089502,0.7982395202645527,0.9681104911322744,0.0077185017026106
hyb__graph_only_s44,hybrid,graph only (id + graph),44,main,58.73220389999915,54.99415470010717,21,41,623872,524.130859375,graph only (id + graph),0.0405114181259703,0.3137343927355278,0.3273201910587199,0.2451548114516333,0.6685584562996595,0.0737066573432166,0.2858115777525539,0.3086926117574982,0.1995271764589301,0.771850170261067,0.1207765088024097,0.2540862656072644,0.2907780618967471,0.1637627627796303,0.8592508513053349,0.4998951578074215,881,0.0449517655780348,0.2438524590163934,0.2618568617137523,0.1890260701275045,0.569672131147541,0.0799549704361834,0.2198770491803278,0.2478614138386453,0.1511620763400988,0.7008196721311475,0.1253089178581358,0.1911885245901639,0.2357893775809393,0.1232819920080451,0.7827868852459017,0.4288484944581097,488,0.0372720200477485,0.3194444444444444,0.3312291583880303,0.2456018518518518,0.6944444444444444,0.0703293711369354,0.2930555555555555,0.3152970022618241,0.2078169091710758,0.75,0.1243628160474103,0.2756944444444444,0.3085053536050209,0.1804147513447801,0.8611111111111112,0.4977234806053175,72,0.0344875773316541,0.4186915887850467,0.4259639887927818,0.3303842159916926,0.8130841121495327,0.0649651863696479,0.3844236760124611,0.3996898343995191,0.2711948029471394,0.8847352024922118,0.113081712101991,0.3448598130841122,0.3703983514391722,0.2215685975454957,0.9750778816199376,0.6083908975987474,321,0.1618996222342147,0.6409446001052856,2.192077523128683,0.8114834358068014,0.9640930772750634,0.0095346197502838,0.0421411198552086,0.3312145289443814,0.3421461029876059,0.2573931138857359,0.6923950056753689,0.0746499615720343,0.2978433598183881,0.3198106737249417,0.2093874912810375,0.7741203178206584,0.1227188447870279,0.2604994324631101,0.2972675183183547,0.1677709605482784,0.8535754824063564,0.5093103050934884,881,0.0454901401186679,0.2804928131416838,0.2936173980125884,0.215927446954141,0.6139630390143738,0.081847825921833,0.2519507186858316,0.2767960216627455,0.174238989230189,0.7125256673511293,0.1289397208110423,0.2146817248459958,0.2574469844463286,0.1369104513031168,0.7905544147843943,0.4498726382555792,487,0.0375119992799057,0.3013698630136986,0.3078535809783009,0.2334703196347032,0.6301369863013698,0.0753995677062131,0.2863013698630137,0.3001079050959239,0.1974668406175255,0.7397260273972602,0.1335371648747838,0.2458904109589041,0.2783773165156162,0.152280324706698,0.821917808219178,0.4554105451545971,73,0.0381129358480199,0.4149532710280374,0.4235692600888917,0.325742471443406,0.8255451713395638,0.0635593659765606,0.3700934579439253,0.3895503549218509,0.2654234040448993,0.8753894080996885,0.1108207015156847,0.3333333333333333,0.3619765050076899,0.2181132796100512,0.956386292834891,0.6117427855470736,321,0.1670264436049649,0.6456395983695984,2.1872181481119326,0.808830743380691,0.9642632464580246,0.0128263337116912
hyb__content__graph_s42,hybrid,content + graph (no id),42,main,52.24503109999932,48.47248520000721,14,34,13952,516.328125,content + graph (no id),0.0370493280776614,0.3101021566401816,0.3213800926314538,0.2403610165216294,0.6606129398410897,0.0687308304734016,0.2839954597048808,0.3034814651463292,0.1973975269891031,0.7593643586833144,0.1178150260257576,0.2545970488081725,0.2871878879001265,0.1613441245762567,0.8694665153234961,0.485811395730245,881,0.0384105254719467,0.230327868852459,0.2398811071024406,0.1693334471766849,0.5573770491803278,0.0712884563500786,0.203483606557377,0.224792473853263,0.1332757127213362,0.6700819672131147,0.1185855245412116,0.1822745901639344,0.2184547048453189,0.1085904994698744,0.7991803278688525,0.388981192765515,488,0.0325327283230321,0.3722222222222222,0.3812570024635763,0.3101851851851852,0.6527777777777778,0.0605593793050031,0.3180555555555555,0.3419626911392956,0.2451405423280423,0.7361111111111112,0.1185915954419527,0.2909722222222222,0.3250923759876771,0.2045764331797547,0.875,0.5128023888521179,72,0.035993037902964,0.4174454828660436,0.4318485269935897,0.3326791277258567,0.8193146417445483,0.0666754505865054,0.3987538940809969,0.4144770398488919,0.2841699514696845,0.9003115264797508,0.1164694924634286,0.356386292834891,0.383177514655399,0.2318458156431186,0.9750778816199376,0.6269633818424363,321,0.095250944414463,0.6674895882606506,1.92651576047982,0.8067993337826145,0.9851492165663192,0.0060158910329171,0.0412431224420631,0.318955732122588,0.3323797468026119,0.2454411022827595,0.6889897843359818,0.0693218721971925,0.2862656072644722,0.3088220398727095,0.1979977161966648,0.7763904653802497,0.1158967063211896,0.2538592508513053,0.2885334982052757,0.1602275773983713,0.8490351872871736,0.5109435090784563,881,0.0412982513513521,0.2496919917864476,0.2615819361418506,0.1880703855806525,0.5708418891170431,0.0688828277828618,0.2195071868583162,0.2427589623657663,0.1478704162857629,0.6817248459958932,0.1153781384639192,0.1992813141683778,0.2343193982408693,0.1219001859005947,0.7700205338809035,0.4191159078593838,487,0.0408948930881393,0.2794520547945205,0.2872267880520935,0.1913698630136986,0.7123287671232876,0.0669430863545175,0.2561643835616438,0.2708158992486766,0.1545402986156411,0.8082191780821918,0.1154733331190719,0.2280821917808219,0.2569268106003205,0.1282919299936585,0.8767123287671232,0.4765823598015379,73,0.0412386768470871,0.4330218068535825,0.4500579392654737,0.3447767393561786,0.8629283489096573,0.0705289313756796,0.3943925233644859,0.4176917190360606,0.2839303845456493,0.912772585669782,0.1167797243593369,0.3425233644859813,0.3779713638682901,0.2256379883639827,0.9626168224299064,0.6580724987697442,321,0.0963302752293578,0.6673045754432678,1.91728079196943,0.7984369105681497,0.9852391403822252,0.0062429057888763
hyb__content__graph_s43,hybrid,content + graph (no id),43,main,38.86897339997813,36.21318679995602,9,29,13952,516.328125,content + graph (no id),0.0370011482032821,0.3153234960272417,0.3255608293409303,0.24448164964056,0.6685584562996595,0.0680866180282513,0.2852440408626561,0.3046512286584193,0.1992345658993408,0.7604994324631101,0.1155954189221411,0.2505675368898978,0.2841486381169132,0.1588896974959718,0.8581157775255391,0.4874061552636684,881,0.0365551069767683,0.2254098360655737,0.2345010144846819,0.1657479508196721,0.555327868852459,0.0700080088405895,0.2043032786885246,0.2230166065975724,0.1324575075172753,0.6700819672131147,0.115478132743781,0.176639344262295,0.2123997246005425,0.1049292676931576,0.7807377049180327,0.3813868595862454,488,0.0338717021521455,0.375,0.3906079660532935,0.3148611111111111,0.6527777777777778,0.0568320294987478,0.3180555555555555,0.3458339409566337,0.2488966049382715,0.7222222222222222,0.1171194000897012,0.2868055555555555,0.3245786859550386,0.2009054959598388,0.875,0.5479041020707687,72,0.0383811738550595,0.4386292834890966,0.4494044299844165,0.3483904465212877,0.8442367601246106,0.0676900188310651,0.4009345794392523,0.4195189553880825,0.2896131879543094,0.9065420560747663,0.1154318955918464,0.3548286604361371,0.3841564460659595,0.2314988945500991,0.97196261682243,0.6350122740190302,321,0.0895844576362655,0.6470855474472046,1.9209320659347244,0.7857926022277164,0.9860878423368432,0.0060158910329171,0.0369942130244795,0.3116912599318956,0.3259906100970101,0.2416742338251986,0.6719636776390465,0.0674159160176105,0.2795686719636776,0.3028975037481382,0.1936212360464428,0.7707150964812712,0.1148603246510558,0.2509648127128263,0.2847968656720853,0.1568829194331744,0.8524404086265607,0.5054503987258773,881,0.0362326748894427,0.2439425051334702,0.2588976436732091,0.1863826146475017,0.5646817248459959,0.069651646480505,0.2213552361396304,0.2454862362950623,0.1507209266321175,0.6776180698151951,0.1150209864991584,0.1956878850102669,0.2325573940553584,0.1200430185891597,0.7720739219712526,0.4240484182221679,487,0.0302376082791792,0.2684931506849315,0.2828741208859594,0.1945662100456621,0.6575342465753424,0.0558381612803529,0.2410958904109589,0.2590803843220083,0.1492735480798102,0.7534246575342466,0.1061411852906187,0.2178082191780822,0.2469310042106824,0.1217767907668856,0.863013698630137,0.4845284401971496,73,0.0396861171309276,0.4242990654205607,0.4375849352085298,0.3362720664589823,0.838006230529595,0.0666569607540285,0.3766355140186916,0.3999627279467533,0.2687920519540457,0.9158878504672896,0.1165994363435353,0.3423676012461059,0.3726623814478748,0.2207576206907265,0.97196261682243,0.6337060606508105,321,0.0920129519697787,0.6494202613830566,1.9162547001962835,0.780551031657357,0.9860077194817988,0.0064699205448354
hyb__content__graph_s44,hybrid,content + graph (no id),44,main,76.01760260001174,70.68227310007205,30,50,13952,516.328125,content + graph (no id),0.0385740975164262,0.3141884222474461,0.3261818084903077,0.2447408248202799,0.6572077185017026,0.0695166935148668,0.2837684449489216,0.3048918056371804,0.1971791731049001,0.7786606129398411,0.1174586301333584,0.2539160045402951,0.287831624245473,0.1613867099099226,0.8615209988649262,0.4940900985472399,881,0.0408576099233295,0.239344262295082,0.2505817916270609,0.1793732923497268,0.5635245901639344,0.0721324641042372,0.2090163934426229,0.2320283150879697,0.1384038152108141,0.6905737704918032,0.1194891817197872,0.1830942622950819,0.2223373631021291,0.1116005920934812,0.7848360655737705,0.4029561997311198,488,0.0347615332129158,0.3583333333333333,0.3697531828058994,0.2929976851851851,0.6527777777777778,0.0725397069968119,0.3263888888888889,0.3468792070547912,0.2383060515873015,0.8194444444444444,0.1171405140801947,0.2854166666666667,0.3199385276466956,0.1938845168728337,0.875,0.531702441077441,72,0.0359577441684012,0.4180685358255452,0.431339656710064,0.3332917964693666,0.8006230529595015,0.0648620112148269,0.3878504672897196,0.4062447354999432,0.2773076447609157,0.9034267912772586,0.1144430387989364,0.3545171339563863,0.3801976753142074,0.2297847890161339,0.9750778816199376,0.6241999239680874,321,0.1044252563410685,0.687930166721344,2.031973699264954,0.8292047827153316,0.9828885636875624,0.0079455164585697,0.0394505802405144,0.3132803632236095,0.3296949667062384,0.2429789380754193,0.684449489216799,0.069924313454996,0.2849035187287174,0.3086748487427952,0.1962308193551099,0.7843359818388195,0.1164800832796518,0.2494892167990919,0.2864600549647267,0.1567457625700483,0.8490351872871736,0.5168718720430907,881,0.0417751092032526,0.2550308008213552,0.2692185400821298,0.1955122062514259,0.5790554414784395,0.0724546172076337,0.2252566735112936,0.2514241474796324,0.154940652738394,0.6919917864476386,0.1184015152904971,0.1965092402464065,0.2375128490951716,0.1236521176834797,0.7720739219712526,0.4320062366420145,487,0.0321158785213191,0.2794520547945205,0.2877730376802077,0.2038812785388128,0.684931506849315,0.0618520965863578,0.2630136986301369,0.2746947509436814,0.163383887801696,0.7945205479452054,0.1102861400355885,0.223972602739726,0.2527357072562542,0.1252643572339742,0.863013698630137,0.4646221724564742,73,0.0375919746973611,0.4093457943925234,0.4309794545094816,0.323883696780893,0.8442367601246106,0.0679212415044542,0.3803738317757009,0.4032593928377971,0.2663433961331157,0.9221183800623052,0.1149736049853681,0.3356697819314642,0.3683889230058225,0.2141125776768778,0.9626168224299064,0.6575067396759477,321,0.102266594711279,0.6921401619911194,2.017011634445756,0.8226675533330888,0.9833255027739782,0.0073779795686719
hyb__hybrid_s42,hybrid,hybrid (id + content + graph),42,main,41.16203139998834,38.41614640003536,8,28,637824,526.95703125,hybrid (id + content + graph),0.0393220581774781,0.3157775255391601,0.3248333628583946,0.2459449489216799,0.6538024971623155,0.0704405106637732,0.2955732122587968,0.3125029552344366,0.206353630355745,0.7763904653802497,0.1202913243944814,0.2608967082860385,0.2939568200805689,0.1687661607412028,0.8513053348467651,0.4801462625838071,881,0.0434700598535644,0.2479508196721311,0.2593921039680536,0.185411543715847,0.569672131147541,0.0741833107128871,0.2192622950819672,0.2430506883212956,0.1463483034759137,0.694672131147541,0.1226561257090865,0.1911885245901639,0.2322401334577445,0.1200962221302287,0.7827868852459017,0.413715926450345,488,0.0361507207266853,0.3555555555555555,0.3637214188640864,0.2897222222222222,0.625,0.0630599101698523,0.3194444444444445,0.3395418198273772,0.2381430500440916,0.75,0.1180281429405552,0.2847222222222222,0.3182372729550941,0.1963116593971502,0.8194444444444444,0.503092033239092,72,0.0337273898862847,0.409968847352025,0.4155978311016237,0.3281516095534786,0.7881619937694704,0.0664059835970901,0.4062305295950156,0.412022917860359,0.29044634468533,0.9065420560747663,0.1172038665226914,0.3615264797507788,0.3823354819652184,0.2365781674045274,0.9626168224299064,0.575990214440346,321,0.1397733405288721,0.6451671123504639,2.1240427527197725,0.8797168048617476,0.9712578859449934,0.0065834279228149,0.0432251821873115,0.3275822928490352,0.341864374456622,0.2583894564257788,0.6855845629965948,0.073443586563708,0.2977298524404085,0.3204511348169162,0.210381435838303,0.7843359818388195,0.1203745582350125,0.2643019296254257,0.2997292604615753,0.1707901343017194,0.8501702610669694,0.5097707470361768,881,0.0476973099609643,0.275564681724846,0.2949440861672843,0.21720282911248,0.6160164271047228,0.0801239688775451,0.2494866529774127,0.2773409195499288,0.1748811153482611,0.7145790554414785,0.123394586532269,0.2148870636550308,0.2577705276213178,0.1398238963877567,0.7720739219712526,0.4629874828733227,487,0.0403711821067007,0.3123287671232877,0.329163550466269,0.2440639269406393,0.6575342465753424,0.0671683966499366,0.2767123287671233,0.2996984367236986,0.1899115749800681,0.7534246575342466,0.1246677747784607,0.247945205479452,0.2844877257461205,0.154447541934832,0.8493150684931506,0.5052447398274194,73,0.0370894058013789,0.4099688473520249,0.4159370864447939,0.3241329179646937,0.7975077881619937,0.0647356198249746,0.3757009345794392,0.3905745672026723,0.2688953172130742,0.897196261682243,0.1148164317912876,0.3429906542056075,0.3668524222292811,0.2214866050396716,0.968847352024922,0.5817765045861745,321,0.145979492714517,0.6471994519233704,2.1303697375969004,0.8762949002384596,0.970565876852152,0.0093076049943245
hyb__hybrid_s43,hybrid,hybrid (id + content + graph),43,main,41.68328839997412,38.91968349990202,9,29,637824,527.0,hybrid (id + content + graph),0.0413683328328551,0.3180476730987515,0.3282264003098402,0.2506782065834279,0.6572077185017026,0.0738613799396354,0.2925085130533484,0.3123625554716075,0.2067637266997436,0.7797956867196367,0.1243172591526518,0.2615209988649262,0.2961374156485749,0.1692312952716001,0.8649262202043133,0.4860504226274723,881,0.0471326100912493,0.246311475409836,0.2577490732270507,0.185076844262295,0.5778688524590164,0.0803295170678204,0.2170081967213115,0.2420775585499324,0.1470364594304631,0.6987704918032787,0.1288323159563487,0.1931352459016393,0.2345405620299561,0.121191987482162,0.7971311475409836,0.4112514224794081,488,0.0419271086525565,0.3611111111111111,0.3894264684608453,0.298287037037037,0.7083333333333334,0.0703939208856507,0.3208333333333333,0.3573218909241071,0.2397995401864449,0.8055555555555556,0.1429984454432679,0.2868055555555556,0.3379636649135309,0.1957338141056296,0.9027777777777778,0.5970595113138972,72,0.0324798619259552,0.4174454828660436,0.4216423838286218,0.339730010384216,0.7663551401869159,0.064805947333195,0.4009345794392523,0.4091289303787647,0.2901541561588291,0.897196261682243,0.1132630749372984,0.3598130841121495,0.3803983957694755,0.2363185253189385,0.9595015576323987,0.5748643095023408,321,0.1492174851592013,0.6378308534622192,2.166337159347993,0.8758810736224668,0.970076931417164,0.0103291713961407,0.0426938302848949,0.3309875141884222,0.3404231043217942,0.2609402194475974,0.6696935300794552,0.0755930618573899,0.2971623155505108,0.3181450509213422,0.2101465643641742,0.7922814982973894,0.1249372277885967,0.2625993189557321,0.2979198368908121,0.1690038828181687,0.8649262202043133,0.4976032284366466,881,0.0478617389179085,0.2767967145790554,0.2883893433592915,0.2115434633812457,0.6036960985626283,0.0815142973717406,0.2406570841889117,0.2668412398667095,0.1665314775237039,0.7207392197125256,0.1311693841093832,0.2139630390143737,0.2552122711900556,0.135280415867743,0.7946611909650924,0.4436066928390562,487,0.0333478926038788,0.3178082191780821,0.3336692846559315,0.256027397260274,0.6438356164383562,0.0769725312767011,0.2945205479452055,0.3149575389589231,0.2063267376966007,0.7671232876712328,0.132684732749875,0.2410958904109589,0.2821789490158491,0.1525202483674918,0.8904109589041096,0.5101503765282975,73,0.0369788207722362,0.4161993769470405,0.4209012053322201,0.3369989615784008,0.7757009345794392,0.0662960432807589,0.3834890965732087,0.3967046906623476,0.2771851769437439,0.9065420560747663,0.1137203181611939,0.3412772585669781,0.3662926384831504,0.2239155143438907,0.9657320872274144,0.5766698048395626,321,0.1548839719373988,0.63929283618927,2.169393294470141,0.8760819853347098,0.9692590412332548,0.0111237230419977
hyb__hybrid_s44,hybrid,hybrid (id + content + graph),44,main,42.24528170001577,39.27432040008716,5,25,637824,526.7001953125,hybrid (id + content + graph),0.04041068420108931,0.322360953461975,0.3352305175196331,0.2514377601210745,0.6799091940976163,0.06932581956236113,0.29001135073779793,0.31227536249294396,0.2033430128472964,0.7797956867196367,0.11919931311046303,0.26061293984108963,0.2949430877434858,0.16667423753789296,0.8603859250851306,0.5063502609581159,881,0.04262929042378083,0.24262295081967214,0.25452432199922026,0.18176229508196726,0.5881147540983607,0.07111102301049685,0.21250000000000002,0.23606609574926307,0.1415913590314693,0.694672131147541,0.11900594183069627,0.19006147540983606,0.22789639457434666,0.11621066413915342,0.7848360655737705,0.4116258546369126,488,0.03390511407980598,0.35277777777777775,0.36124229388105517,0.28703703703703703,0.625,0.06330171007112187,0.31666666666666665,0.3356962170732495,0.2322718253968254,0.75,0.12129315441069084,0.2881944444444444,0.31966446813706717,0.19222102671479036,0.8472222222222222,0.501092039243484,72,0.038497043117160755,0.4367601246105919,0.4520896312764527,0.3493769470404985,0.8317757009345794,0.06796306753955426,0.40186915887850466,0.4228791651132998,0.2907322108490333,0.9158878504672897,0.11902363900114768,0.3616822429906542,0.39132578829863235,0.23766132475860413,0.9781931464174455,0.6515343801113889,321,0.124123043712898,0.6510564088821411,2.0415918378611457,0.8410074057549826,0.976451843897646,0.004653802497162296,0.044009986588208524,0.3314415437003405,0.34940077527974794,0.26154748391978816,0.70261066969353,0.07090793441657563,0.3006810442678774,0.3254082536166523,0.21304467562027962,0.771850170261067,0.1194002206274029,0.26356413166855847,0.301668577395714,0.17121332155202496,0.8501702610669694,0.5327763620897742,881,0.046668586185561994,0.27022587268993836,0.2909193607990442,0.21347022587268996,0.6119096509240246,0.07107190813649973,0.24127310061601642,0.2697012029373177,0.17012402782239977,0.6817248459958932,0.12012838096697884,0.21252566735112938,0.25461221807824475,0.13775820654645768,0.7720739219712526,0.46225524661111533,487,0.04021155186030061,0.31506849315068486,0.3162383360371599,0.23187214611872145,0.684931506849315,0.07619424120858742,0.29041095890410956,0.3019484468279605,0.19358411248822205,0.7808219178082192,0.13001310475511715,0.24452054794520545,0.2775403153567425,0.14831292396163415,0.863013698630137,0.4667186814627334,73,0.04084035335215287,0.4280373831775701,0.4456665289146752,0.3412357217030115,0.8442367601246106,0.06945698239969121,0.39314641744548284,0.4152584080602987,0.2825866587548831,0.9065420560747663,0.11588198191495236,0.3453271028037383,0.3785464905310801,0.2271770911215258,0.9657320872274143,0.6547888042202442,321,0.1308688613059903,0.6543638110160828,2.035488382929993,0.8361866300575661,0.9763048294847206,0.0057888762769580104
