model,coldtgt/recall@20_among_new,coldtgt/ndcg@20_among_new,coldtgt/recall@20_full_catalog,coldtgt/recall@100_full_catalog,cold_item_share_in_top20,test/recall@20,coldtgt/recall@20_among_new_std,coldtgt/ndcg@20_among_new_std,coldtgt/recall@20_full_catalog_std,coldtgt/recall@100_full_catalog_std,cold_item_share_in_top20_std,test/recall@20_std,n_seeds
Popularity,0.0358134634498628,0.0218010370673676,0.0,0.0,0.0,0.0975105310807783,,,,,,,1
ItemKNN,0.0358134634498628,0.0218010370673676,0.0,0.0,0.0,0.1081842906966648,,,,,,,1
MF-BPR,0.0482630452545574,0.0306165486750219,0.0,0.0,0.0,0.11395700716587,,,,,,,1
Two-Tower,0.1259567459867022,0.0796399468998899,0.0020190275539386,0.0380053161417503,0.0468785471055618,0.1073112805841157,,,,,,,1
Node2Vec,0.0378796216117339,0.0242240109857408,0.0017423685619737,0.0086836395162978,0.0353007945516458,0.0994899562705063,,,,,,,1
GraphSAGE,0.0372566742951772,0.0278865086046576,0.0,0.0,0.0,0.1070871049417171,,,,,,,1
GAT,0.0436630620864346,0.0280138433343541,0.0,0.0,0.0,0.1123331337120927,,,,,,,1
LightGCN,0.0506775213687755,0.0386273976323999,0.0,0.0,0.0,0.1153534244776078,,,,,,,1
Hybrid (id+content+graph),0.1355787511497844,0.1064288068407187,0.0,0.0016890403960326,0.0001135073779795,0.1185350115643872,,,,,,,1
Content + graph (no id),0.1104206920161677,0.07006960576095,0.0,0.0020687520291135,0.000510783200908,0.110137394206925,,,,,,,1
Content only,0.0995262193027774,0.0619228575470838,0.0,0.0001321915423206,0.0022133938706015,0.0936686001474427,,,,,,,1
