run,group,model,seed,data,fit_time_s,train_time_s,best_epoch,epochs_run,n_params,peak_gpu_mem_mb,key,val/recall@5,val/precision@5,val/ndcg@5,val/map@5,val/hit@5,val/recall@10,val/precision@10,val/ndcg@10,val/map@10,val/hit@10,val/recall@20,val/precision@20,val/ndcg@20,val/map@20,val/hit@20,val/mrr,val/n_users,val/warm/recall@5,val/warm/precision@5,val/warm/ndcg@5,val/warm/map@5,val/warm/hit@5,val/warm/recall@10,val/warm/precision@10,val/warm/ndcg@10,val/warm/map@10,val/warm/hit@10,val/warm/recall@20,val/warm/precision@20,val/warm/ndcg@20,val/warm/map@20,val/warm/hit@20,val/warm/mrr,val/warm/n_users,val/sparse/recall@5,val/sparse/precision@5,val/sparse/ndcg@5,val/sparse/map@5,val/sparse/hit@5,val/sparse/recall@10,val/sparse/precision@10,val/sparse/ndcg@10,val/sparse/map@10,val/sparse/hit@10,val/sparse/recall@20,val/sparse/precision@20,val/sparse/ndcg@20,val/sparse/map@20,val/sparse/hit@20,val/sparse/mrr,val/sparse/n_users,val/cold/recall@5,val/cold/precision@5,val/cold/ndcg@5,val/cold/map@5,val/cold/hit@5,val/cold/recall@10,val/cold/precision@10,val/cold/ndcg@10,val/cold/map@10,val/cold/hit@10,val/cold/recall@20,val/cold/precision@20,val/cold/ndcg@20,val/cold/map@20,val/cold/hit@20,val/cold/mrr,val/cold/n_users,val/coverage@10,val/diversity@10,val/novelty@10,val/personalization@10,val/gini@10,val/tail_share@10,test/recall@5,test/precision@5,test/ndcg@5,test/map@5,test/hit@5,test/recall@10,test/precision@10,test/ndcg@10,test/map@10,test/hit@10,test/recall@20,test/precision@20,test/ndcg@20,test/map@20,test/hit@20,test/mrr,test/n_users,test/warm/recall@5,test/warm/precision@5,test/warm/ndcg@5,test/warm/map@5,test/warm/hit@5,test/warm/recall@10,test/warm/precision@10,test/warm/ndcg@10,test/warm/map@10,test/warm/hit@10,test/warm/recall@20,test/warm/precision@20,test/warm/ndcg@20,test/warm/map@20,test/warm/hit@20,test/warm/mrr,test/warm/n_users,test/sparse/recall@5,test/sparse/precision@5,test/sparse/ndcg@5,test/sparse/map@5,test/sparse/hit@5,test/sparse/recall@10,test/sparse/precision@10,test/sparse/ndcg@10,test/sparse/map@10,test/sparse/hit@10,test/sparse/recall@20,test/sparse/precision@20,test/sparse/ndcg@20,test/sparse/map@20,test/sparse/hit@20,test/sparse/mrr,test/sparse/n_users,test/cold/recall@5,test/cold/precision@5,test/cold/ndcg@5,test/cold/map@5,test/cold/hit@5,test/cold/recall@10,test/cold/precision@10,test/cold/ndcg@10,test/cold/map@10,test/cold/hit@10,test/cold/recall@20,test/cold/precision@20,test/cold/ndcg@20,test/cold/map@20,test/cold/hit@20,test/cold/mrr,test/cold/n_users,test/coverage@10,test/diversity@10,test/novelty@10,test/personalization@10,test/gini@10,test/tail_share@10,coldtgt/recall@20_full_catalog,coldtgt/recall@100_full_catalog,coldtgt/n_users,cold_item_share_in_top20,coldtgt/recall@10_among_new,coldtgt/recall@20_among_new,coldtgt/ndcg@10_among_new,coldtgt/ndcg@20_among_new
popularity_colditems_s42,item_cold,Popularity,42,colditems0.1,0.0083825000037904,0.0083825000037904,,,0,,popularity,0.0300695720011335,0.2898978433598184,0.2994145595599608,0.2283503594400303,0.5981838819523269,0.0530770000099687,0.2608399545970488,0.2778496957656785,0.1830511976830081,0.7071509648127128,0.093690937382649,0.2359250851305335,0.2615201101024912,0.148671591770844,0.8002270147559591,0.4413247024797455,881,0.02852472985528,0.210655737704918,0.2208288472482021,0.1599453551912568,0.4897540983606557,0.0490333871987281,0.1854508196721311,0.2031281772188543,0.124541577218319,0.6065573770491803,0.0842091437255968,0.1638319672131147,0.1914402923670882,0.0984581281035518,0.694672131147541,0.3563622361636148,488,0.0289244458710548,0.3194444444444444,0.3303478155520695,0.2683333333333333,0.5555555555555556,0.0532049827696409,0.2944444444444445,0.3098988856375405,0.2230405368165784,0.6944444444444444,0.0929109132607432,0.2694444444444445,0.2923227573331343,0.1856469882685429,0.7638888888888888,0.4436748615138063,72,0.0326749677909843,0.4037383177570094,0.4119461270886412,0.3233748701973001,0.7725856697819314,0.0591955928236416,0.3679127725856698,0.3842564228064142,0.2630308312317658,0.8629283489096573,0.1082805854867572,0.338006230529595,0.3611498934491278,0.2167150239259974,0.968847352024922,0.5699616872517685,321,0.0299514301133297,0.6515179872512817,1.665207435300493,0.6108462655615763,0.9936525914659358,0.0,0.0318183094823603,0.2844494892167991,0.2918289750591339,0.2198108210367007,0.5970488081725313,0.0561192902175436,0.2645856980703746,0.2784578518651687,0.1823470882025825,0.7185017026106697,0.0975105310807783,0.2359818388195232,0.2612520378878025,0.1470154154088198,0.8195232690124858,0.4374706803071523,881,0.0325619966392109,0.2308008213552361,0.238776940017212,0.173347022587269,0.5297741273100616,0.0550698557399156,0.2100616016427104,0.2262483981785941,0.1401377849793807,0.6509240246406571,0.0931071467575932,0.1830595482546201,0.2118104500140267,0.1115112924251352,0.7392197125256673,0.3752812768946646,487,0.0252573759952419,0.2191780821917808,0.219439241855016,0.146255707762557,0.5616438356164384,0.0481298530243445,0.2123287671232877,0.2150899164531303,0.1183024691358024,0.6986301369863014,0.0885095428735678,0.197945205479452,0.2117089364163774,0.1010156701597854,0.821917808219178,0.3739033022855492,73,0.0321820867383524,0.3806853582554517,0.3887784815679083,0.3070301142263759,0.7071651090342679,0.0595283354066663,0.359190031152648,0.3720773634864791,0.2609489195470504,0.8255451713395638,0.1062380086649449,0.3249221183800623,0.3475283609468144,0.2113409272350938,0.940809968847352,0.5462764686481448,321,0.0310307609282245,0.6521898508071899,1.659595787334353,0.5970567357934018,0.9937641386517432,0.0,0.0,0.0,742,0.0,0.0144883059237656,0.0358134634498628,0.0137268554213678,0.0218010370673676
itemknn_colditems_s42,item_cold,ItemKNN,42,colditems0.1,1.4058172999939416,1.4058172999939416,,,0,,itemknn,0.0357856536535284,0.30261066969353,0.3143980722811125,0.2382169882709043,0.6311010215664018,0.0595065894352756,0.2744608399545971,0.2934821014142706,0.1918945672606285,0.7287173666288309,0.099974582436334,0.2461975028376844,0.2751896220358422,0.1565933685479137,0.8183881952326901,0.4660895847786799,881,0.0384008514915147,0.2364754098360655,0.2517147517286404,0.1824709699453552,0.5491803278688525,0.0600945528589313,0.2127049180327869,0.2343589595539976,0.1438327532743516,0.6557377049180327,0.0965505015345028,0.1861680327868852,0.2195259046373617,0.11556521671579,0.7315573770491803,0.4037203065354711,488,0.031928898333242,0.3,0.3043499450087479,0.2363888888888888,0.5555555555555556,0.0569080305684773,0.2763888888888888,0.2895034355939258,0.2004976851851852,0.625,0.0861513116156094,0.24375,0.2692263854635332,0.166630684071685,0.7361111111111112,0.4257182360123536,72,0.0326749677909843,0.4037383177570094,0.4119461270886412,0.3233748701973001,0.7725856697819314,0.0591955928236416,0.3679127725856698,0.3842564228064142,0.2630308312317658,0.8629283489096573,0.1082805854867572,0.338006230529595,0.3611498934491278,0.2167150239259974,0.968847352024922,0.5699616872517685,321,0.0809498111171073,0.6535821557044983,1.9527828197400856,0.7804140224625901,0.9836597155393624,0.0001135073779795,0.0362952039809555,0.3073779795686719,0.3189679590470362,0.2425397275822928,0.626560726447219,0.0639592510366465,0.2845629965947786,0.3027690617671841,0.2006916196293122,0.7377979568671964,0.1081842906966648,0.2530079455164586,0.2836278059618116,0.1621866584501916,0.8229284903518729,0.4733608105621509,881,0.0393755071640284,0.2624229979466119,0.2765503372738336,0.2033487337440109,0.5749486652977412,0.0661363165578384,0.2386036960985626,0.2605089827307986,0.1650426799741114,0.675564681724846,0.1080368061593534,0.2092402464065708,0.2446921846835908,0.1334302462703063,0.7453798767967146,0.4266856196898758,487,0.033832231168889,0.2849315068493151,0.2949707545860738,0.2204109589041095,0.6164383561643836,0.0689194292339499,0.2630136986301369,0.2799292486004177,0.1735469667318982,0.7671232876712328,0.1177265030508115,0.2287671232876712,0.2623890307879432,0.137883267376911,0.821917808219178,0.4641127517839846,73,0.0321820867383524,0.3806853582554517,0.3887784815679083,0.3070301142263759,0.7071651090342679,0.0595283354066663,0.359190031152648,0.3720773634864791,0.2609489195470504,0.8255451713395638,0.1062380086649449,0.3249221183800623,0.3475283609468144,0.2113409272350938,0.940809968847352,0.5462764686481448,321,0.0822989746357258,0.6562569737434387,1.953772602662651,0.7830273412098792,0.9833415518473893,0.0003405221339387,0.0,0.0,742,0.0,0.0144883059237656,0.0358134634498628,0.0137268554213678,0.0218010370673676
mf_colditems_s42,item_cold,MF-BPR,42,colditems0.1,51.663183099997696,47.063953799864976,37.0,57.0,623872,119.45556640625,mf,0.0361672157618965,0.3001135073779795,0.3144300725658528,0.2388233068482785,0.6254256526674233,0.0645344118875144,0.2780930760499432,0.2975265209161553,0.1945490065745052,0.7400681044267877,0.1114534686777023,0.2490919409761634,0.2804264813842411,0.1580241742742037,0.8376844494892168,0.4724235653476717,881,0.0423314620890228,0.2389344262295082,0.2535470896426251,0.1818032786885245,0.5614754098360656,0.0687797282812488,0.2145491803278688,0.2373703074027881,0.1459926656227153,0.6618852459016393,0.1170027839632483,0.1876024590163934,0.2258679216745393,0.1169626281221619,0.764344262295082,0.4086111406367997,488,0.0309022485712084,0.35,0.3542322580516386,0.2819907407407407,0.5972222222222222,0.0595628357675251,0.3083333333333333,0.324557018002301,0.2273605599647266,0.7222222222222222,0.0994867118398409,0.2770833333333333,0.301925909031812,0.1867394861962469,0.7916666666666666,0.4747257236227824,72,0.0279769523042389,0.3819314641744548,0.398059786932079,0.3158255451713395,0.7289719626168224,0.0591955928236416,0.3679127725856698,0.3829160424249423,0.2610071453295752,0.8629283489096573,0.105701258811595,0.3362928348909657,0.3585467877633978,0.2140071402050738,0.9595015576323987,0.5689179823666674,321,0.1289800323799244,0.6509049534797668,2.0470942575943534,0.7776856562351876,0.9762310772542364,0.0041997729852439,0.0398916276465138,0.3137343927355278,0.3233729281615056,0.2477509774246437,0.64472190692395,0.0670967190163387,0.2885357548240636,0.3061202589829642,0.2029283734555746,0.7480136208853575,0.11395700716587,0.2566401816118047,0.287441970007419,0.1630476710453603,0.8558456299659478,0.4699677059326328,881,0.0470069021999043,0.282135523613963,0.2922392950266375,0.2177521104266484,0.6139630390143738,0.0731483679230117,0.2476386036960985,0.2706467334126979,0.1719341872044277,0.7002053388090349,0.1201248366677437,0.2148870636550308,0.2534238159860982,0.1363885877167861,0.7926078028747433,0.43425896970582,487,0.0342285173618562,0.2767123287671232,0.2826205055473839,0.2090410958904109,0.5753424657534246,0.060004912456819,0.2506849315068493,0.2657329573393672,0.1670089253357355,0.726027397260274,0.1075329907897655,0.2212328767123288,0.2522157688252621,0.1327945951287052,0.863013698630137,0.4443307833718793,73,0.0303846754448903,0.3700934579439253,0.3798745050696417,0.3020664589823468,0.7071651090342679,0.0595283354066663,0.359190031152648,0.3691230003309463,0.2581193031037268,0.8255451713395638,0.1060604969728579,0.3280373831775701,0.3470630095547107,0.2103730546058944,0.9501557632398754,0.5299728457749783,321,0.1343766864543982,0.651347279548645,2.077740242074472,0.7792477580190271,0.974785803063168,0.0062429057888763,0.0,0.0,742,0.0,0.0199137519664066,0.0482630452545574,0.0197479949264685,0.0306165486750219
two_tower_colditems_s42,item_cold,Two-Tower,42,colditems0.1,46.51102929998888,43.73490250002942,5.0,25.0,712064,285.5419921875,two_tower,0.0364190870951313,0.2851305334846765,0.2959158085992492,0.2216524782444192,0.604994324631101,0.0632890525702443,0.2665153234960272,0.2830568114572886,0.1827749079200352,0.7253121452894438,0.1067427939753685,0.2385357548240635,0.2674303496511557,0.1494601943884549,0.8229284903518729,0.4500872263962071,881,0.0394437668749681,0.2032786885245901,0.2133481595366319,0.1455464480874317,0.5184426229508197,0.065905637032402,0.1846311475409836,0.2033990924414625,0.1152381997881119,0.6372950819672131,0.1080435014743022,0.1639344262295081,0.1963946707341871,0.0933580984073315,0.7438524590163934,0.3565371896187635,488,0.0328912201250505,0.2944444444444445,0.3018602807629921,0.222349537037037,0.5833333333333334,0.0596660887296022,0.2930555555555555,0.3014550845326484,0.1971671075837742,0.7083333333333334,0.1058050036265085,0.2680555555555555,0.2902944257506535,0.1703495788005609,0.8055555555555556,0.4592925964023746,72,0.0326121172798211,0.4074766355140187,0.4201058732309243,0.337196261682243,0.7414330218068536,0.060123819482996,0.3850467289719626,0.4000296812962207,0.2822193789249864,0.8629283489096573,0.1049757399119362,0.3453271028037383,0.3702938943001178,0.2300638927096903,0.9470404984423676,0.5902418410595981,321,0.1575822989746357,0.6055657267570496,2.758417983088661,0.9258507336777336,0.960103412388292,0.0339387060158909,0.0381604072770934,0.2928490351872871,0.3048305173455004,0.225823243788624,0.6299659477866061,0.0641714278738491,0.2683314415437003,0.287528971294289,0.1837165987595694,0.7400681044267877,0.1073112805841157,0.2402951191827468,0.2709293160365891,0.1492534287153763,0.8240635641316686,0.464636372528254,881,0.043053093530784,0.2340862422997946,0.2460025400843856,0.1709793520419804,0.5708418891170431,0.068262616781345,0.2121149897330595,0.2328091542631485,0.1369182571499966,0.6837782340862423,0.1067255107976692,0.1861396303901437,0.2206536426878439,0.1112197210891905,0.7494866529774127,0.3984586935178477,487,0.0372630474106107,0.3041095890410958,0.3187206400429441,0.2441095890410959,0.6301369863013698,0.0626930382105765,0.2643835616438356,0.2901440749801141,0.1890488874392984,0.7534246575342466,0.1277723670321689,0.2383561643835616,0.2767410369936671,0.1503450495630905,0.8493150684931506,0.4927842000867786,73,0.0309416193166758,0.3794392523364486,0.3909216262839722,0.3048701973001038,0.719626168224299,0.0583007532553705,0.3545171339563863,0.3699515517463145,0.2535033130593878,0.822429906542056,0.1035468275476408,0.3228971962616823,0.3458825786252878,0.2067074078183961,0.9314641744548288,0.5586355571584587,321,0.1627091203453858,0.6070852279663086,2.796629929897043,0.9242112794098152,0.9599346520934546,0.038138479001135,0.0020190275539386,0.0380053161417503,742,0.0468785471055618,0.0685396582854483,0.1259567459867022,0.0613002748610608,0.0796399468998899
node2vec_colditems_s42,item_cold,Node2Vec,42,colditems0.1,96.8628033999994,94.67214570008218,20.0,25.0,623744,,node2vec,0.0338940714737424,0.2703745743473326,0.2791988282147616,0.2035102156640181,0.6004540295119183,0.0586370743769432,0.2483541430192962,0.2637729730057852,0.1658104566920306,0.7094211123723042,0.1001413005037802,0.2248013620885357,0.2508864345713435,0.1360943001884803,0.8024971623155505,0.4287977405587126,881,0.037480698554164,0.2147540983606557,0.2248957355786007,0.154665300546448,0.5409836065573771,0.062659172095636,0.1911885245901639,0.2097878126279288,0.1193768793188192,0.6557377049180327,0.1036981972229658,0.1710040983606557,0.2026059353117924,0.0979853217204686,0.75,0.3768466938819328,488,0.0166655836539529,0.0999999999999999,0.0978146290412874,0.0663773148148148,0.25,0.021979938509383,0.0902777777777777,0.0939113939289194,0.0560830026455026,0.3194444444444444,0.0377006907558399,0.08125,0.0900801889403199,0.0457483852365357,0.4027777777777778,0.1569785153118486,72,0.032305838164643,0.3931464174454829,0.4024373688594242,0.3085254413291796,0.7694704049844237,0.0607446447686636,0.3707165109034268,0.3839436644635057,0.2610128319240469,0.8785046728971962,0.10873930144736,0.338785046728972,0.360353516577869,0.2142939493128719,0.97196261682243,0.5687450769949829,321,0.212358337830545,0.6806129217147827,2.731546178649344,0.8076289619390669,0.9605256500334152,0.0618615209988648,0.0334985524584537,0.2842224744608399,0.2940558314465232,0.2183390087022323,0.6095346197502838,0.0590940268541889,0.2592508513053349,0.276141084552022,0.1774612258196253,0.7162315550510783,0.0994899562705063,0.2300794551645857,0.2577739132189541,0.1423010275839468,0.8013620885357549,0.4473883274455116,881,0.0365724782298961,0.2455852156057495,0.2575127160748073,0.1817043121149897,0.5811088295687885,0.0635836939558159,0.22217659137577,0.241676639033098,0.1445824913355714,0.675564681724846,0.1029920277619422,0.1919917864476386,0.2245745451627495,0.1138236617303666,0.7597535934291582,0.4151133969025305,487,0.0122243010708707,0.0876712328767123,0.0952629240164428,0.0638356164383561,0.2465753424657534,0.0247269197671894,0.0753424657534246,0.0863951923040245,0.0485377255925201,0.3013698630136986,0.0413553399434711,0.0643835616438356,0.0801691414600872,0.035065881016568,0.4520547945205479,0.1910750568825551,73,0.0336730649213855,0.3875389408099688,0.3947049885444096,0.309055036344756,0.735202492211838,0.0600981730811627,0.3573208722741433,0.3715792001340153,0.2566617218019087,0.8722741433021807,0.1073974895276534,0.3255451713395638,0.348531672040664,0.2098918153413058,0.9439252336448598,0.5546430312633547,321,0.212358337830545,0.6790624260902405,2.72664015817449,0.8076729435398895,0.9601908247079772,0.062088535754824,0.0017423685619737,0.0086836395162978,742,0.0353007945516458,0.0174163512783854,0.0378796216117339,0.0166140193495742,0.0242240109857408
graphsage_colditems_s42,item_cold,GraphSAGE,42,colditems0.1,61.25585059999139,55.94745980002335,40.0,60.0,640384,288.2587890625,graphsage,0.0362794751838051,0.2903518728717367,0.303707762696741,0.2279619119687224,0.623155505107832,0.0610671196681806,0.2618615209988649,0.2822289610667587,0.1809619737771932,0.720771850170261,0.1104433972257306,0.2413734392735528,0.2713761293750736,0.1500494344587957,0.8331441543700341,0.4609915910873432,881,0.0415329508847166,0.230327868852459,0.2440366532714926,0.1744968123861566,0.5512295081967213,0.066081053858934,0.2020491803278688,0.2247534480676352,0.1347087213945991,0.6434426229508197,0.1131385877486706,0.1771516393442623,0.2147683211612508,0.1079103010020097,0.7561475409836066,0.3994415241599998,488,0.0304242696310754,0.3027777777777778,0.3098058314879183,0.2391666666666666,0.5555555555555556,0.0544418974874736,0.2847222222222222,0.2976872336979188,0.2043656305114638,0.6388888888888888,0.1084197840113821,0.2527777777777778,0.2822017804142047,0.1671112945250802,0.7777777777777778,0.449392047378051,72,0.0296061999743089,0.3788161993769471,0.3930549291969165,0.3067289719626168,0.7476635514018691,0.054930721262957,0.3476635514018691,0.3661387888366302,0.2460290263561291,0.8566978193146417,0.1067999304850401,0.3364485981308411,0.3550059223144134,0.2102844600106307,0.9626168224299064,0.5571647992107469,321,0.1484079870480302,0.6848557591438293,2.2112430645956502,0.8032368402639866,0.969655551356116,0.0154370034052213,0.0358766736993114,0.294211123723042,0.3083361926577244,0.2305713204691638,0.626560726447219,0.0613787091460087,0.2719636776390465,0.2910785609872239,0.1871890896287888,0.7468785471055619,0.1070871049417171,0.2462542565266742,0.2759223624773145,0.1536165638623594,0.8342792281498297,0.4706588065052183,881,0.0385041278141055,0.2468172484599589,0.2628814667020365,0.187337440109514,0.5831622176591376,0.0643088623170036,0.2283367556468172,0.2495000995754351,0.1515377391545256,0.6899383983572895,0.1092579800091655,0.1994866529774127,0.2350644403681485,0.1213085866546219,0.7679671457905544,0.4296404832586261,487,0.0415008567738684,0.2657534246575342,0.2735665267943258,0.1969406392694063,0.589041095890411,0.0623859214290669,0.2328767123287671,0.249842623002426,0.1530249329564398,0.684931506849315,0.1048820094018409,0.2198630136986301,0.2446644481879992,0.1283012272128382,0.8356164383561644,0.4202955375836965,73,0.0306114540159862,0.3725856697819314,0.3852042211575627,0.3038110072689511,0.7009345794392523,0.0567042197661402,0.3470404984423676,0.3635362998670724,0.2490463828314295,0.8473520249221184,0.1042950669870865,0.323208722741433,0.3450178011386348,0.208389163474768,0.9345794392523364,0.5443424266060329,321,0.1470588235294117,0.6786791086196899,2.2234279877618066,0.8017065161596747,0.9690606942878162,0.0139614074914869,0.0,0.0,742,0.0,0.0217160592263938,0.0372566742951772,0.0234406046127817,0.0278865086046576
gat_colditems_s42,item_cold,GAT,42,colditems0.1,95.7951524000091,90.80658919998676,24.0,44.0,628160,953.61767578125,gat,0.0370977088126298,0.291032917139614,0.3005161122808397,0.2211744860638163,0.6299659477866061,0.0642873487956629,0.2691259931895573,0.2860151810576108,0.1811100976523791,0.7412031782065834,0.1131655167660022,0.2416004540295119,0.2717375074911079,0.1483519851161187,0.8410896708286039,0.4634474308134885,881,0.040231209225439,0.2327868852459016,0.2469167682428431,0.1764793943533697,0.5614754098360656,0.0690344576649367,0.2090163934426229,0.2315213777074127,0.1378229491933385,0.6782786885245902,0.1183859197941697,0.1846311475409836,0.2221707157114471,0.1116215510059449,0.764344262295082,0.4051584245411803,488,0.0440139383941112,0.2555555555555555,0.2496644623540162,0.1636496913580246,0.6388888888888888,0.0664842371343404,0.2527777777777778,0.2557751723528669,0.1526135361552028,0.6944444444444444,0.1199128186297048,0.2354166666666667,0.255360736826916,0.1322749492175854,0.8472222222222222,0.376318343368782,72,0.030782703419117,0.3875389408099688,0.3934064508642466,0.30202492211838,0.7320872274143302,0.0565778002330761,0.3641744548286604,0.3756421488508762,0.2533091034960193,0.8473520249221184,0.1037157896260261,0.329595015576324,0.3507646784453019,0.2077974630926271,0.956386292834891,0.5716042200873368,321,0.1586616297895305,0.622488260269165,2.269300731604577,0.8137795366474467,0.9648059746657414,0.0166855845629966,0.0380485267390427,0.3087400681044268,0.3217529837819373,0.2433096859629209,0.6356413166855845,0.0662240972655533,0.2776390465380249,0.2991287533260176,0.1949445436096833,0.7332576617480137,0.1123331337120927,0.2488081725312145,0.2815442957553071,0.1577339685600429,0.8354143019296254,0.4849042828362433,881,0.0437053478933127,0.271047227926078,0.2860452960941945,0.2103678986995208,0.5995893223819302,0.072706226314752,0.2422997946611909,0.2663211696067409,0.1668816496482234,0.6878850102669405,0.1191881935459262,0.2080082135523614,0.2481292807204512,0.1306715608556169,0.7761806981519507,0.442791940091703,487,0.028995672152482,0.2602739726027397,0.2695192687269104,0.1998173515981735,0.5616438356164384,0.0718971550434911,0.2383561643835616,0.2574091859094866,0.16315744968713,0.726027397260274,0.1113379333446238,0.210958904109589,0.2408331576785772,0.1272142174083608,0.7945205479452054,0.4320834346699523,73,0.0315251201430595,0.3769470404984423,0.3878050246010889,0.3031775700934579,0.7071651090342679,0.0550997045404777,0.3401869158878505,0.3583898800945363,0.2447485536270583,0.8037383177570093,0.1021594124901247,0.3193146417445482,0.3414976459159805,0.2057318949965795,0.9345794392523364,0.560806565804251,321,0.1670264436049649,0.6241636276245117,2.2865151005065307,0.8161699152858314,0.9633656009551036,0.0194097616345062,0.0,0.0,742,0.0,0.023748167706185,0.0436630620864346,0.0218922215569581,0.0280138433343541
lightgcn_colditems_s42,item_cold,LightGCN,42,colditems0.1,61.2031588999962,56.63687259997823,29.0,49.0,623872,495.16064453125,lightgcn,0.0375695527461675,0.2996594778660613,0.3129627332926953,0.2360045402951191,0.6345062429057888,0.0678902011757071,0.2794551645856981,0.2990477519513436,0.1953248848410596,0.7400681044267877,0.1174581326247976,0.2475595913734392,0.2815063847791061,0.1573037593678505,0.8410896708286039,0.4709819610408407,881,0.0429605356060391,0.2413934426229508,0.2589262794683359,0.1883060109289617,0.5655737704918032,0.074305457699982,0.2186475409836066,0.2446114832466389,0.1514734582357533,0.6700819672131147,0.1246133806353426,0.1862704918032787,0.2303305737021832,0.1186312405218952,0.7745901639344263,0.416986441283344,488,0.0334204035330007,0.2944444444444444,0.2943510445992144,0.2172222222222222,0.5972222222222222,0.0669145426043159,0.2888888888888889,0.2948109169839499,0.1917216894473838,0.7083333333333334,0.1217022756461182,0.2624999999999999,0.2860101181680348,0.1622127264027069,0.8333333333333334,0.4307525929236455,72,0.0303045655428362,0.3894080996884735,0.3992861945145584,0.3127310488058151,0.7476635514018691,0.0583562517467164,0.3697819314641744,0.3827547651773506,0.2627981753449043,0.8535825545171339,0.1056284150961962,0.3373831775700935,0.3582961885222075,0.2149945493065311,0.9439252336448598,0.5620920175707363,321,0.1664867781975175,0.6279646158218384,2.2490938953718262,0.8103919878668154,0.963854423878081,0.0148694665153235,0.0386714676043182,0.3121452894438138,0.3217293845840243,0.2446197502837685,0.6367763904653803,0.067247391845546,0.2830874006810442,0.3019884374568276,0.1984984270119533,0.7434733257661748,0.1153534244776078,0.2504540295119182,0.2830562728229732,0.1595934818131598,0.8410896708286039,0.4739181576451354,881,0.04348596674587,0.2665297741273101,0.2786161877621195,0.2019370294318959,0.6016427104722792,0.0730638906685233,0.2390143737166324,0.2614209603104842,0.1615411229896171,0.702258726899384,0.1214494414469151,0.2068788501026694,0.2456835465069553,0.128535569782926,0.7823408624229979,0.4314927679470021,487,0.0320043064278655,0.2794520547945205,0.2835016078284206,0.2119634703196347,0.547945205479452,0.0631269943026538,0.2493150684931507,0.2644258260994104,0.1682882148293107,0.684931506849315,0.1254759417302344,0.2198630136986301,0.2521546511977575,0.133194978421678,0.7945205479452054,0.4308144712938173,73,0.0328834354670762,0.388785046728972,0.3958314236975032,0.3168016614745586,0.7102803738317757,0.0593600214213752,0.3576323987538941,0.3720770106635587,0.2614378430499925,0.8193146417445483,0.1038029446536377,0.3235202492211838,0.3467831765442862,0.2127158927362192,0.940809968847352,0.5480855529306096,321,0.1708041014570966,0.6312410235404968,2.268120260258576,0.814948322381344,0.9620003883630742,0.0155505107832009,0.0,0.0,742,0.0,0.0259074236746084,0.0506775213687755,0.0325975316641237,0.0386273976323999
hybrid_colditems_s42,item_cold,Hybrid (id+content+graph),42,colditems0.1,43.9566147000005,40.63550519983983,11.0,31.0,637824,495.4296875,hybrid,0.0386454903887822,0.3112372304199773,0.3217710985329433,0.2460407995964182,0.6424517593643587,0.0709774963791063,0.2846765039727582,0.3049498228711435,0.1993750825781188,0.7786606129398411,0.1175339553237018,0.2529511918274688,0.2871351303275593,0.1619240225345604,0.8592508513053349,0.4767268754024762,881,0.0430244042304244,0.2426229508196721,0.2561361915473652,0.1839418260473588,0.5717213114754098,0.0786813702930097,0.2186475409836066,0.2436354241819933,0.1464216662871888,0.6967213114754098,0.125913079646529,0.1910860655737705,0.2325408515400188,0.118840181459217,0.7950819672131147,0.4114780986965743,488,0.0384911969815186,0.3472222222222222,0.3496777838090776,0.2720601851851852,0.7083333333333334,0.0656430504709004,0.3041666666666667,0.3248783281322969,0.2243827160493827,0.7777777777777778,0.1175321078890343,0.2694444444444444,0.3062252611557119,0.1831183349081418,0.8333333333333334,0.4855320605320605,72,0.0320230578984445,0.4074766355140187,0.4152930713338169,0.3346105919003115,0.735202492211838,0.0604621992931437,0.3806853582554517,0.3936930446203717,0.2742682836374425,0.9034267912772586,0.1047960124755907,0.3433021806853582,0.365850141631898,0.2226683339173321,0.9626168224299064,0.5739462825773985,321,0.135456017269293,0.6574698090553284,2.19860053616566,0.8766660625436703,0.972161534536442,0.0082860385925085,0.0416280693567307,0.3169125993189557,0.3314948705335521,0.2502235464749653,0.6617480136208853,0.0718801329049319,0.2850170261066969,0.3091825495318933,0.2006991167215614,0.7707150964812712,0.1185350115643872,0.257094211123723,0.292446352816837,0.1650636474826314,0.8490351872871736,0.4998586897541172,881,0.0474434663958049,0.2669404517453799,0.2866350836291197,0.2080224731918777,0.6078028747433265,0.0805027255098756,0.2369609856262833,0.2675015129046251,0.1643190870157478,0.7104722792607803,0.1281536482372872,0.2121149897330595,0.2560968797941848,0.1359353803397012,0.7885010266940452,0.4607638844807554,487,0.038166476780382,0.3205479452054794,0.3254010107099168,0.2404109589041096,0.6712328767123288,0.0698232141003531,0.2821917808219178,0.2977772616158233,0.1927118214104515,0.7397260273972602,0.1188663544275095,0.2308219178082191,0.2669346224297643,0.1425981303722451,0.821917808219178,0.491437341797832,73,0.033592548796121,0.3919003115264798,0.4009390075727543,0.3164797507788162,0.7414330218068536,0.0592662776841427,0.3585669781931464,0.3750119914488802,0.2577089205360233,0.8691588785046729,0.1038668991384988,0.3313084112149532,0.3533951057149302,0.214364111182523,0.9470404984423676,0.5610858815576562,321,0.1422018348623853,0.6586830019950867,2.2138839666030607,0.8803839262507884,0.971173658937588,0.0099886492622019,0.0,0.0016890403960326,742,0.0001135073779795,0.0880283832465976,0.1355787511497844,0.0933046167621204,0.1064288068407187
hybrid_content_graph_colditems_s42,item_cold,Content + graph (no id),42,colditems0.1,68.71657499999856,63.30852289998438,36.0,56.0,13952,485.78173828125,hybrid_content_graph,0.0363132224354101,0.304199772985244,0.3123373420999865,0.2335300794551646,0.6458569807037458,0.0642744025979714,0.2734392735527809,0.2911478266004608,0.1867664961053156,0.7525539160045402,0.1093497165981858,0.2443813847900113,0.2743174098801267,0.152546926894139,0.8376844494892168,0.4652591532937449,881,0.0381959242173625,0.2286885245901639,0.2383683973385538,0.1679644808743169,0.5512295081967213,0.065931299985951,0.1993852459016393,0.2196704171358374,0.1277955319195073,0.6618852459016393,0.1115376643626248,0.1761270491803278,0.2104823104046589,0.1033036338723023,0.764344262295082,0.3859802869939333,488,0.0360077668664946,0.3416666666666667,0.3500422386926953,0.2750925925925926,0.6666666666666666,0.0658007996883999,0.3125,0.3289781884553522,0.2315884038800705,0.7222222222222222,0.1113160503883325,0.2819444444444444,0.3098402932604135,0.1907616975861192,0.8055555555555556,0.4873756451881452,72,0.0335195599163108,0.4105919003115265,0.4163313996978187,0.323883696780893,0.7850467289719626,0.0614131361934702,0.3772585669781931,0.3913259878627165,0.2663635464570044,0.897196261682243,0.1055824438818719,0.3397196261682242,0.3633949205986549,0.2188374674076398,0.956386292834891,0.5808220795800727,321,0.0858067997841338,0.6825643181800842,1.974631524722568,0.7974999363981966,0.9866192381835636,0.0068104426787741,0.0371797681928552,0.3051078320090805,0.3159452782406853,0.2366486946651532,0.6345062429057888,0.0641663514304666,0.2754824063564132,0.2951160580993583,0.190097509744218,0.7548240635641317,0.110137394206925,0.2453461975028377,0.2767429118404101,0.1531348810004423,0.8433598183881952,0.4795125795055512,881,0.0391758612281363,0.2439425051334702,0.258139266288675,0.1872296372347707,0.5523613963039015,0.0673178081967471,0.2211498973305954,0.2434839401355287,0.1507647648381734,0.6714579055441479,0.114195537126013,0.1965092402464066,0.2321240888996182,0.1209626511981537,0.7741273100616016,0.4180189760208324,487,0.0312314462073322,0.2821917808219177,0.2835976522374468,0.204703196347032,0.6164383561643836,0.0571832508828349,0.2575342465753424,0.2661871918423741,0.1613075306225991,0.7671232876712328,0.1034435422340931,0.2253424657534246,0.2493856334631161,0.1291085374549067,0.8356164383561644,0.4387710709024165,73,0.0355041613291832,0.4031152647975078,0.4110010555580229,0.3188888888888889,0.7632398753894081,0.0609732264921441,0.361993769470405,0.3800277362462269,0.2563178064579934,0.8785046728971962,0.1055029256474885,0.3239875389408099,0.3506570803566347,0.2074083981111545,0.9501557632398754,0.5820718163438281,321,0.0831084727468969,0.6853868961334229,1.9656453313426023,0.7955538459952061,0.9869109392812098,0.005788876276958,0.0,0.0020687520291135,742,0.000510783200908,0.058406984558022,0.1104206920161677,0.0524029518632699,0.07006960576095
hybrid_content_only_colditems_s42,item_cold,Content only,42,colditems0.1,37.15547510000761,32.725830199953634,26.0,46.0,13952,83.7041015625,hybrid_content_only,0.03390169152087473,0.2626560726447219,0.27338568078672515,0.19506810442678776,0.6186152099886493,0.05818189098682837,0.23757094211123725,0.2563241796002422,0.156804630037158,0.7264472190692395,0.0929147670190431,0.20925085130533483,0.23890824045070316,0.1252585789205718,0.8149829738933031,0.434270153242358,881,0.03838704499723811,0.1950819672131148,0.2070338829476272,0.1402834699453552,0.5245901639344263,0.06325277706828253,0.17274590163934428,0.1940972229193948,0.10971864041609357,0.6495901639344263,0.09400681145758201,0.14743852459016393,0.1824474564378524,0.08690120476887449,0.7438524590163934,0.35757165322158596,488,0.024256858129856784,0.2833333333333333,0.27853409760088066,0.21546296296296297,0.5416666666666666,0.0557666617049161,0.26805555555555555,0.27312884716153235,0.18501212522045854,0.6805555555555556,0.09468423502291327,0.24444444444444446,0.2610617418153372,0.1534446838890521,0.7638888888888888,0.3847350430071018,72,0.02924616350744159,0.36074766355140186,0.3731021646959482,0.2737798546209761,0.778816199376947,0.05101461404149521,0.32928348909657323,0.347155390802238,0.2220601542797804,0.8535825545171339,0.09085769729229658,0.29532710280373836,0.3197736937217859,0.17724923009906934,0.9345794392523364,0.5619816670961748,321,0.044522396114409064,0.6879903674125671,2.122471589090983,0.801189449655665,0.9900280736272682,0.007037457434733274,0.03368765915992577,0.26765039727582296,0.2762896155417712,0.1987016017152226,0.623155505107832,0.05661838229399411,0.24517593643586832,0.2613554800640589,0.16124289327704006,0.7309875141884222,0.0936686001474427,0.21532349602724177,0.24342111087005516,0.12910481617040084,0.8093076049943246,0.43518003865730026,881,0.03778279807685811,0.22546201232032856,0.23394939178829458,0.1638250057038558,0.5646817248459959,0.059943862140237995,0.20020533880903493,0.21957643852972208,0.1307690291494193,0.6611909650924025,0.09453513557499367,0.1686858316221766,0.2028680608307349,0.10161272809984366,0.7371663244353183,0.37681557442239194,487,0.022201571640203994,0.20547945205479454,0.2062637811732502,0.13356164383561644,0.5205479452054794,0.043709307854448105,0.2,0.2029581720193917,0.1131321422531468,0.6575342465753424,0.0817345727328913,0.17876712328767122,0.19377284074302328,0.09188294630541716,0.7945205479452054,0.3576447264983674,73,0.030086885753052368,0.34579439252336447,0.3564502849400429,0.26642782969885775,0.735202492211838,0.05450889241538379,0.3236760124610592,0.3380202673365907,0.21841690154774265,0.8535825545171339,0.09506791867717769,0.29439252336448596,0.3162362482171652,0.179278783119015,0.9221183800623053,0.5413593902772457,321,0.04883971937398813,0.6842705011367798,2.099552996179713,0.7929014371675991,0.9902455937023926,0.0053348467650397025,0.0,0.00013219154232063866,742,0.002213393870601589,0.04610280731957027,0.09952621930277745,0.04351706737312045,0.06192285754708385
