model,auc,ap,warm/auc,sparse/auc,cold/auc,n_pos_edges,n_neg_edges
Popularity,0.8631511533283427,0.8486263110764378,0.8549817065488567,0.8587874281736247,0.871331466821878,58267,58267
Popularity (recent),0.8603487438477843,0.8473784234013692,0.8535031086969029,0.85252648841415,0.8678799005980544,58267,58267
Popularity (demographic),0.8699198994219364,0.8577716611689834,0.860348722987048,0.8693056357479478,0.8789600738327175,58267,58267
ItemKNN,0.6921359405382239,0.6853898026810192,0.8291100368036726,0.8080849211427026,0.871331466821878,58267,58267
MF-BPR,0.8735807618740499,0.8582067016221802,0.878442339690677,0.868681570964632,0.8704742827352857,58267,58267
Two-Tower,0.8693206079470406,0.8558146062782513,0.8679947743707185,0.8559357216795147,0.8732536593556952,58267,58267
Node2Vec,0.8003311734797736,0.7957333722057872,0.8262664881870821,0.2958199281996331,0.869760364426906,58267,58267
GraphSAGE,0.8388525497531586,0.8013858978731585,0.8500649813569456,0.83692210544476,0.8693296388625456,58267,58267
GAT,0.8577918580407238,0.8279545681982704,0.8694212732105089,0.8552097637922245,0.8699094124371414,58267,58267
LightGCN,0.8692349723673876,0.8537123372151014,0.870517234129282,0.8689835657612296,0.8697861191368647,58267,58267
Hybrid (id+content+graph),0.866134156529749,0.853840697873782,0.8625268041272399,0.8565924323522986,0.8744625744876939,58267,58267
