model,recall@5,recall@10,recall@20,ndcg@5,ndcg@10,ndcg@20,precision@10,map@20,mrr,coverage@10,diversity@10,novelty@10,personalization@10,gini@10,tail_share@10,warm/recall@20,warm/ndcg@20,sparse/recall@20,sparse/ndcg@20,cold/recall@20,cold/ndcg@20,train_time_s,n_params,best_epoch,peak_gpu_mem_mb,val/recall@20,recall@5_std,recall@10_std,recall@20_std,ndcg@5_std,ndcg@10_std,ndcg@20_std,precision@10_std,map@20_std,mrr_std,coverage@10_std,diversity@10_std,novelty@10_std,personalization@10_std,gini@10_std,tail_share@10_std,warm/recall@20_std,warm/ndcg@20_std,sparse/recall@20_std,sparse/ndcg@20_std,cold/recall@20_std,cold/ndcg@20_std,train_time_s_std,n_params_std,best_epoch_std,peak_gpu_mem_mb_std,val/recall@20_std,n_seeds
Popularity,0.0343607541591065,0.0601066587157815,0.1004108915542953,0.3112758566941707,0.2958047220428706,0.272552087861525,0.2775255391600454,0.1527399435289117,0.4893322795330435,0.0318402590393955,0.6767380237579346,1.6236233892834375,0.6081578149236475,0.9936435255771388,0.0,0.092736564733519,0.2149956064486035,0.0899686405129881,0.2265252204781146,0.1144285908930288,0.3703401494412191,0.0035411000135354,0.0,,,0.0973628737012675,,,,,,,,,,,,,,,,,,,,,,,,,,,1
Popularity (recent),0.0367301164836638,0.0661667199110142,0.1117754709856889,0.3107402220902699,0.2946940456294267,0.2793121988448949,0.2751418842224745,0.1551512938737671,0.4934530379217056,0.026173772261198,0.5980747938156128,1.6908462055132432,0.5984960771011418,0.9940179835380611,0.0,0.1115844225875865,0.2292394163634502,0.089538305839746,0.2186784215588554,0.1171223670153764,0.3690683072883354,0.2959658000036143,0.0,,,0.111137592165978,,,,,,,,,,,,,,,,,,,,,,,,,,,1
Popularity (demographic),0.0383583163941092,0.0663839189667074,0.1097478151118233,0.3252281655697431,0.3071952364414033,0.2872744168474023,0.2866061293984109,0.1625602765608149,0.5028395251757477,0.0456017269293038,0.6702679395675659,1.7064975450858018,0.7521499991459594,0.9914219540298184,0.0,0.1054985460123555,0.231166695417755,0.0983043975068366,0.241507107564964,0.1187969227024927,0.3828054882301319,0.0222447999985888,0.0,,,0.1065062404696517,,,,,,,,,,,,,,,,,,,,,,,,,,,1
ItemKNN,0.0389085394698151,0.0668574171172103,0.111049331290995,0.3360754955033075,0.3177978158646141,0.2934379161527109,0.2962542565266742,0.1670484485934562,0.5233027228701737,0.0920129519697787,0.6738773584365845,1.9474954290657085,0.7906505358054616,0.9812947436834338,0.0006810442678774,0.1080606165054973,0.2463556281576784,0.1161282596236599,0.2693756883166794,0.1144285908930288,0.3703401494412191,1.4422704000025988,0.0,,,0.107970307718788,,,,,,,,,,,,,,,,,,,,,,,,,,,1
MF-BPR,0.04193536113880656,0.06974634563080691,0.11427429996688525,0.3416867134293351,0.31858285318658086,0.29482830007486943,0.2953840332954975,0.16834619308310952,0.5146576501727647,0.12556215146609098,0.6689694921175638,1.9699002000643941,0.7669346843933472,0.9778388432089243,0.004918653045781267,0.1167681362539224,0.2549578958432994,0.10666740557212107,0.2606248564317434,0.11222073304797774,0.36309539741668506,45.98701756672623,623872.0,28.666666666666668,67.916015625,0.11592864406516719,0.0016961983416423011,0.0021654216550665195,0.002345372646334322,0.006348166257391932,0.0034630671236710407,0.0031262711806698358,0.0037238955122903218,0.0014830678794307993,0.009802848867934299,0.020550436985360084,0.002696040560727806,0.08567758047109286,0.0185144988923055,0.004933762514357544,0.0025134473976908558,0.003409720009368819,0.0034009165753728673,0.005260308072054148,0.006471291831902647,0.0011588094175962972,0.005056471542818735,4.254658921610506,0.0,5.131601439446884,0.22242644647979234,0.0010210997977904007,3
Two-Tower,0.039956837411955694,0.06924753490689363,0.11773495992930756,0.31535540384563904,0.2987501047429424,0.28265746049567037,0.27968217934165723,0.15572842014202584,0.483900332741143,0.19688792948372005,0.6148086587587992,2.569762244942654,0.9385947073058856,0.9474968856425928,0.029209231933408967,0.1209081718539483,0.23461725927574628,0.1314019357189925,0.27028995366136005,0.10981270622230739,0.3583534293212393,73.00760926663254,712064.0,19.333333333333332,277.150390625,0.11785240588626383,0.001853273813817448,0.0005448130778531225,0.0026730938747577346,0.008549518953073916,0.004490035816954849,0.0037339343070309466,0.003384347676702787,0.00390948655920833,0.007989541857298544,0.01168202145203563,0.0035153000895150836,0.09726823278409533,0.00602508319032388,0.0038301449028198564,0.008930609693576334,0.003018055609335154,0.003717861422365925,0.009602185377874765,0.004716077486289562,0.000968650682462691,0.004846723106266619,26.847246267725115,0.0,13.79613472438325,0.0,0.0011889313416662513,3
Node2Vec,0.036113055480340835,0.061586204531964096,0.10401266836829047,0.30129879267323045,0.2832193949401454,0.2637004790332375,0.26292092319334087,0.14595114923901664,0.4748705201282486,0.21397733405288719,0.6788432399431864,2.7977012349444266,0.8191478328536989,0.9569987538486638,0.0835414301929625,0.10960413914286486,0.22628337973347482,0.0174187748776485,0.043805463853530034,0.11522235047919116,0.3704745085257704,94.07273503337638,623744.0,19.0,,0.10251711623605564,0.0020794850768108826,0.004728873831428281,0.004337364801374486,0.0035006509874083553,0.006766509024186332,0.0035529210395271998,0.009438418887430057,0.0023112855248389633,0.012073803184377323,0.013793176383305003,0.01007770207877589,0.09710543726488846,0.0036432845266132553,0.002357368038274853,0.014189330277413889,0.007649454457174313,0.004458580901157651,0.008822759457137473,0.021943230716337095,0.0007305052287008373,0.0016272769505902237,27.865680124081774,0.0,8.717797887081348,,0.0015997533181563702,3
GraphSAGE,0.03952026259688846,0.0668783582307949,0.11231146039072387,0.3311660342479588,0.30847366424771017,0.28851290430747395,0.2860385925085131,0.16128182080010564,0.5080576098541365,0.1663968339629429,0.6527008811632792,2.2178339636752873,0.8084639599954279,0.9645537836915686,0.017328793038214132,0.11152274651133054,0.24528352229040218,0.1119393626681376,0.2506962361626501,0.1135926653533823,0.3626977199364027,68.08766120002838,640384.0,38.666666666666664,298.1754557291667,0.11593392009726683,0.00202385655340417,0.0008878343960702431,0.0009712464651724014,0.0032449002227253197,0.002079982760201603,0.0028394003707916354,0.0017474238726834011,0.0022393602889921593,0.014427637307502154,0.02215971131942286,0.004287609950204012,0.08004135042150945,0.009593862073042043,0.0066118967396895205,0.007358161923040041,0.00043620386817989193,0.0059686813216487285,0.0039941118280672995,0.008652461991187672,0.0028018164917155137,0.008755959541743496,11.299821677180276,0.0,7.234178138070234,0.1976184271005465,0.001708175017661062,3
GAT,0.03925812364955727,0.06665423992586383,0.11385569601602812,0.3318893766966462,0.3066085352427231,0.2860979565670403,0.284714339765418,0.15902419692236816,0.5031851615867281,0.208041014570966,0.6489361127217611,2.3614413638049574,0.8218319235149435,0.9522970287366214,0.03147937949300033,0.11496905751072069,0.24084008103911977,0.11311205656871624,0.24900089258836744,0.11233569175353103,0.3631966202821193,114.7782236666729,628160.0,27.666666666666668,1027.5402018229167,0.1184039390175989,0.00037382033892313876,0.00156680070222079,0.0017249531678054765,0.0021406507529258757,0.00267734973473854,0.001825984837938584,0.003284530369157901,0.0015695393782617752,0.012964022263448118,0.017900710513353447,0.013263927474531331,0.040341287151367713,0.0017530105111874536,0.0046722157569870325,0.007557693664562341,0.0031410087984023714,0.0020119278791786805,0.0025300512314694623,0.0006919604181549951,0.00029320387003538154,0.0025401960870459223,12.985003615855742,0.0,4.725815626252608,2.024490691134914,0.001246137910543658,3
LightGCN,0.04128374049494077,0.07121471233894096,0.12089107776012527,0.34249298850000837,0.3183317246950618,0.2981984726861076,0.2951570185395384,0.1677297440358763,0.5197771587407626,0.15965101636985066,0.6517879565556844,2.1554932470630495,0.8012089082993471,0.9669551416146961,0.009875141884222399,0.12490438074429495,0.25797559081666405,0.13273999636189396,0.28090439340952106,0.1121077456379454,0.3631548940493781,54.83739349996904,623872.0,17.666666666666668,524.05859375,0.12109127244198747,0.0007825443796372093,0.002979884134271394,0.0015881679650685528,0.0047542557142120035,0.002463620860782129,0.0019109199202218944,0.002477305567138958,0.0011366360428666305,0.01208451670358333,0.006660733434637049,0.005392861776854928,0.02909651503269539,0.0066541302523069525,0.0023390280613211755,0.002644989829223855,0.0035555078102211288,0.0014223932256500565,0.001778357743824223,0.0033226833496730864,0.0011458250776085106,0.002373821262037211,6.268675134284538,0.0,2.886751345948128,0.0,0.001257094204996452,3
Hybrid (id+content+graph),0.04265764393809096,0.07370853564622504,0.1223782516196002,0.3415808270867542,0.31907391955574926,0.2988127350370961,0.29595157018539536,0.16934641143226017,0.5105239860085887,0.15083648138154337,0.6474725604057312,2.1587642082998824,0.8808010733650221,0.969631763607358,0.010367007188800566,0.12617454974277517,0.25516189055987654,0.1349922994478767,0.284158070796298,0.11375014359015971,0.36836959407131453,41.77689436666939,637824.0,8.333333333333334,525.84765625,0.12131510264781566,0.0006636850637408801,0.0016778104252350567,0.002525886365474802,0.0038814453921759313,0.0010774843508941279,0.001395280455664791,0.00259416719128596,0.0014829972819720095,0.014038568336780357,0.004342546394881559,0.007439736898312522,0.024239685794238568,0.0073178952212910485,0.0007304634331763775,0.0007726287497790685,0.0045658640341177635,0.003131112387077885,0.010708571348722917,0.0016579729646248517,0.0016774529355409631,0.00302702667658678,5.53332883613278,0.0,0.5773502691896258,0.0,0.0031415233532125315,3
