run,group,model,seed,data,fit_time_s,train_time_s,best_epoch,epochs_run,n_params,peak_gpu_mem_mb,val/recall@5,val/precision@5,val/ndcg@5,val/map@5,val/hit@5,val/recall@10,val/precision@10,val/ndcg@10,val/map@10,val/hit@10,val/recall@20,val/precision@20,val/ndcg@20,val/map@20,val/hit@20,val/mrr,val/n_users,val/warm/recall@5,val/warm/precision@5,val/warm/ndcg@5,val/warm/map@5,val/warm/hit@5,val/warm/recall@10,val/warm/precision@10,val/warm/ndcg@10,val/warm/map@10,val/warm/hit@10,val/warm/recall@20,val/warm/precision@20,val/warm/ndcg@20,val/warm/map@20,val/warm/hit@20,val/warm/mrr,val/warm/n_users,val/sparse/recall@5,val/sparse/precision@5,val/sparse/ndcg@5,val/sparse/map@5,val/sparse/hit@5,val/sparse/recall@10,val/sparse/precision@10,val/sparse/ndcg@10,val/sparse/map@10,val/sparse/hit@10,val/sparse/recall@20,val/sparse/precision@20,val/sparse/ndcg@20,val/sparse/map@20,val/sparse/hit@20,val/sparse/mrr,val/sparse/n_users,val/cold/recall@5,val/cold/precision@5,val/cold/ndcg@5,val/cold/map@5,val/cold/hit@5,val/cold/recall@10,val/cold/precision@10,val/cold/ndcg@10,val/cold/map@10,val/cold/hit@10,val/cold/recall@20,val/cold/precision@20,val/cold/ndcg@20,val/cold/map@20,val/cold/hit@20,val/cold/mrr,val/cold/n_users,val/coverage@10,val/diversity@10,val/novelty@10,val/personalization@10,val/gini@10,val/tail_share@10,test/recall@5,test/precision@5,test/ndcg@5,test/map@5,test/hit@5,test/recall@10,test/precision@10,test/ndcg@10,test/map@10,test/hit@10,test/recall@20,test/precision@20,test/ndcg@20,test/map@20,test/hit@20,test/mrr,test/n_users,test/warm/recall@5,test/warm/precision@5,test/warm/ndcg@5,test/warm/map@5,test/warm/hit@5,test/warm/recall@10,test/warm/precision@10,test/warm/ndcg@10,test/warm/map@10,test/warm/hit@10,test/warm/recall@20,test/warm/precision@20,test/warm/ndcg@20,test/warm/map@20,test/warm/hit@20,test/warm/mrr,test/warm/n_users,test/sparse/recall@5,test/sparse/precision@5,test/sparse/ndcg@5,test/sparse/map@5,test/sparse/hit@5,test/sparse/recall@10,test/sparse/precision@10,test/sparse/ndcg@10,test/sparse/map@10,test/sparse/hit@10,test/sparse/recall@20,test/sparse/precision@20,test/sparse/ndcg@20,test/sparse/map@20,test/sparse/hit@20,test/sparse/mrr,test/sparse/n_users,test/cold/recall@5,test/cold/precision@5,test/cold/ndcg@5,test/cold/map@5,test/cold/hit@5,test/cold/recall@10,test/cold/precision@10,test/cold/ndcg@10,test/cold/map@10,test/cold/hit@10,test/cold/recall@20,test/cold/precision@20,test/cold/ndcg@20,test/cold/map@20,test/cold/hit@20,test/cold/mrr,test/cold/n_users,test/coverage@10,test/diversity@10,test/novelty@10,test/personalization@10,test/gini@10,test/tail_share@10,key
popularity_s42,main,Popularity,42,main,0.0035411000135354,0.0035411000135354,,,0,,0.0325545982811874,0.3035187287173667,0.3140326275868011,0.2366212637154748,0.6276958002270148,0.0569334139022147,0.2692395005675368,0.2884888719376514,0.1879379943426481,0.7275822928490352,0.0973628737012675,0.2410896708286038,0.2698959113529204,0.1533810979600344,0.8081725312145289,0.4746007602952726,881,0.0303758075878909,0.2139344262295082,0.222903855479144,0.1603005464480874,0.5,0.0522999068896127,0.1899590163934426,0.206448277663061,0.125307946265938,0.6270491803278688,0.0862138539752975,0.1650614754098361,0.1937181088847979,0.0996904105366436,0.7028688524590164,0.359499128479344,488,0.0281360491349838,0.3333333333333333,0.3507246925547995,0.2819907407407407,0.5972222222222222,0.0538344132877809,0.3013888888888889,0.3232953486049715,0.2312191358024691,0.6944444444444444,0.0945190800841281,0.2736111111111111,0.3018272916364596,0.1915296581356952,0.7916666666666666,0.5009231622589465,72,0.0368579795798022,0.4330218068535825,0.4443410765302302,0.3424714434060228,0.8286604361370716,0.0646726022710278,0.3825545171339564,0.405403961301991,0.2734433565741976,0.8878504672897196,0.1149500225072096,0.3493769470404985,0.3785429774713907,0.2264476373057265,0.97196261682243,0.6436798362603461,321,0.0304910955207771,0.6765350103378296,1.6316285374782111,0.6224197049173409,0.9934799720427592,0.0,0.0343607541591065,0.2967082860385925,0.3112758566941707,0.2304842981460461,0.6481271282633371,0.0601066587157815,0.2775255391600454,0.2958047220428706,0.1913336316155082,0.7468785471055619,0.1004108915542953,0.2425652667423382,0.272552087861525,0.1527399435289117,0.8263337116912599,0.4893322795330435,881,0.0333098831593406,0.2328542094455852,0.243079686565821,0.1772279260780287,0.5400410677618069,0.0565320868050262,0.2149897330595483,0.2319564551426675,0.1437672337929011,0.6611909650924025,0.092736564733519,0.1853182751540041,0.2149956064486035,0.1136314432773787,0.7392197125256673,0.3865565145544293,487,0.027956052743561,0.2383561643835616,0.2487306051205058,0.1631963470319634,0.6164383561643836,0.0530897867722168,0.2287671232876712,0.238795573658271,0.1326898359546761,0.7123287671232876,0.0899686405129881,0.2068493150684931,0.2265252204781146,0.1094289826971267,0.821917808219178,0.4345816024078461,73,0.0374115871192961,0.4068535825545172,0.428962268586332,0.3265835929387332,0.8193146417445483,0.0671255003744048,0.3834890965732087,0.4056357931097698,0.276834668446818,0.8847352024922118,0.1144285908930288,0.3375389408099688,0.3703401494412191,0.2219223103925157,0.9595015576323987,0.6577079710430886,321,0.0318402590393955,0.6767380237579346,1.6236233892834375,0.6081578149236475,0.9936435255771388,0.0,popularity
popularity_recent_s42,main,Popularity (recent),42,main,0.2959658000036143,0.2959658000036143,,,0,,0.0352110107512015,0.2939841089670829,0.3069557725620087,0.2308872493378736,0.6242905788876277,0.0660698026347056,0.2754824063564131,0.2934671654811064,0.1924758870105405,0.7559591373439274,0.111137592165978,0.2440408626560726,0.2755862440785283,0.1544529073555576,0.8535754824063564,0.475656639772231,881,0.0371824112538605,0.2131147540983606,0.2209511307373958,0.1563422131147541,0.5163934426229508,0.0682806380811282,0.1987704918032787,0.2148443784656908,0.128033400309881,0.6741803278688525,0.107577233398676,0.1721311475409836,0.2050708993418468,0.1033003504168295,0.7725409836065574,0.3620832050547702,488,0.0254158690397525,0.3166666666666666,0.3407874914869778,0.2814814814814815,0.5555555555555556,0.0583835369103545,0.2902777777777778,0.3157793204445623,0.2285511017678676,0.6666666666666666,0.1027430188401782,0.2645833333333333,0.2968304640623369,0.1825844949527701,0.8611111111111112,0.5016946966169747,72,0.0344110318039327,0.4118380062305296,0.4301158393776265,0.3328660436137072,0.8037383177570093,0.064432803987662,0.388785046728972,0.4079888007027699,0.282352890273451,0.9003115264797508,0.1184331197606851,0.3487538940809969,0.3780220833080185,0.2259076533963676,0.9750778816199376,0.6424762536329766,321,0.0275229357798165,0.5981459617614746,1.701961434070106,0.6120347950872363,0.9938364819941036,0.0,0.0367301164836638,0.295800227014756,0.3107402220902699,0.2272767688233068,0.6549375709421112,0.0661667199110142,0.2751418842224745,0.2946940456294267,0.1883642175498021,0.7582292849035187,0.1117754709856889,0.2482973893303064,0.2793121988448949,0.1551512938737671,0.8490351872871736,0.4934530379217056,881,0.0391438170196585,0.2435318275154004,0.2518457155687617,0.1795773442847364,0.5728952772073922,0.0688143479796752,0.2238193018480492,0.2422620287195158,0.1482086633421335,0.6919917864476386,0.1115844225875865,0.1948665297741273,0.2292394163634502,0.1199179039434142,0.784394250513347,0.4004897989627108,487,0.0236721434421105,0.2082191780821917,0.227278603687934,0.1494520547945205,0.5342465753424658,0.0465898918791953,0.2041095890410958,0.2182506571694007,0.1176826484018264,0.6986301369863014,0.089538305839746,0.2006849315068493,0.2186784215588554,0.1024540647773185,0.8082191780821918,0.4250840103579829,73,0.0360377796332089,0.3950155763239876,0.4190714458265473,0.3173416407061267,0.8068535825545171,0.0666019646988174,0.3691588785046729,0.3916247608715091,0.2653595740823155,0.8722741433021807,0.1171223670153764,0.3401869158878505,0.3690683072883354,0.2205891711950215,0.956386292834891,0.6500388210531147,321,0.026173772261198,0.5980747938156128,1.6908462055132432,0.5984960771011418,0.9940179835380611,0.0,popularity_recent
popularity_demo_s42,main,Popularity (demographic),42,main,0.0222447999985888,0.0222447999985888,,,0,,0.0355712606552292,0.313961407491487,0.3249995665658289,0.2459616597301047,0.6503972758229285,0.0634410250113656,0.2887627695800226,0.3062047424856262,0.2034862805213732,0.7491486946651532,0.1065062404696517,0.2523269012485811,0.2834977278713064,0.1634685110622435,0.8195232690124858,0.4872734900462065,881,0.0329952632324287,0.2233606557377049,0.2306743314485929,0.1659266848816029,0.5286885245901639,0.0598326162042244,0.2043032786885246,0.2191957690217839,0.1342336806459074,0.6475409836065574,0.1001452359343885,0.1758196721311475,0.2068085172905093,0.1070453265312487,0.7315573770491803,0.3675440459562008,488,0.0311129566625707,0.3583333333333333,0.3642201625553721,0.2928703703703703,0.6388888888888888,0.0572811270527069,0.3194444444444444,0.335252441043198,0.2392170965608465,0.7222222222222222,0.0977619016066369,0.2798611111111111,0.3069381155026556,0.1953766274146602,0.7361111111111112,0.4904215768799103,72,0.0404874121499272,0.4417445482866044,0.4596002887650936,0.3571131879543094,0.838006230529595,0.0703083650453479,0.4102803738317757,0.4319646949909529,0.3007531029026356,0.909657320872274,0.1181378996950273,0.3624610591900311,0.3948267834911564,0.2420888527250207,0.97196261682243,0.6685859712421444,321,0.0464112250404749,0.6728246212005615,1.7131477068771788,0.7636371278321309,0.991069915766867,0.0,0.0383583163941092,0.3096481271282633,0.3252281655697431,0.2412656072644722,0.6640181611804767,0.0663839189667074,0.2866061293984109,0.3071952364414033,0.1991681831012137,0.7616345062429057,0.1097478151118233,0.2556753688989784,0.2872744168474023,0.1625602765608149,0.8376844494892168,0.5028395251757477,881,0.0392957514278585,0.2406570841889117,0.253829963770074,0.1831245722108145,0.5605749486652978,0.0663775255549148,0.2254620123203285,0.2446998508794243,0.1514814543202633,0.6776180698151951,0.1054985460123555,0.1983572895277207,0.231166695417755,0.123911267669633,0.7515400410677618,0.4053395429240942,487,0.0310706671854082,0.2684931506849314,0.2746692819025653,0.1923744292237443,0.6027397260273972,0.0560859801484381,0.2424657534246575,0.2557139732519822,0.1530272885409871,0.726027397260274,0.0983043975068366,0.2191780821917808,0.241507107564964,0.1206915162538057,0.821917808219178,0.4403659112139115,73,0.0385934177361629,0.4236760124610592,0.4450466166106864,0.3405919003115265,0.8348909657320872,0.0687355174878183,0.3894080996884735,0.4137166849819376,0.2820084392358535,0.897196261682243,0.1187969227024927,0.3509345794392524,0.3828054882301319,0.2307175564125821,0.97196261682243,0.6649674540722254,321,0.0456017269293038,0.6702679395675659,1.7064975450858018,0.7521499991459594,0.9914219540298184,0.0,popularity_demo
itemknn_s42,main,ItemKNN,42,main,1.4422704000025988,1.4422704000025988,,,0,,0.0382516360990919,0.3171396140749149,0.328942614796164,0.2453714213646109,0.662883087400681,0.0630017473231711,0.2808172531214529,0.3025224307248945,0.195951953405064,0.7423382519863791,0.107970307718788,0.2516458569807037,0.2842239442961203,0.1603379492292001,0.8297389330306469,0.4982346281591088,881,0.0398226607057352,0.2450819672131147,0.2579853629328407,0.1850387067395264,0.5676229508196722,0.0630226419988487,0.2155737704918032,0.2376821080882185,0.1455074070459999,0.6639344262295082,0.1055368973614501,0.1879098360655737,0.2239409686416889,0.1160794469918882,0.7438524590163934,0.4126897896867889,488,0.0338169657470093,0.2888888888888889,0.2953902910831998,0.2213888888888889,0.5694444444444444,0.055410899545495,0.2694444444444444,0.2833155714394763,0.1923713729318888,0.625,0.0933455272645882,0.2479166666666666,0.2723028674919632,0.1655732161631337,0.7777777777777778,0.4295953139090394,72,0.0368579795798022,0.4330218068535825,0.4443410765302302,0.3424714434060228,0.8286604361370716,0.0646726022710278,0.3825545171339564,0.405403961301991,0.2734433565741976,0.8878504672897196,0.1149500225072096,0.3493769470404985,0.3785429774713907,0.2264476373057265,0.97196261682243,0.6436798362603461,321,0.0863464651915812,0.6740990281105042,1.9402148046191623,0.7879094770495745,0.9821414854458794,0.0004540295119183,0.0389085394698151,0.3178206583427923,0.3360754955033075,0.2510887249337873,0.674233825198638,0.0668574171172103,0.2962542565266742,0.3177978158646141,0.2081829660859173,0.7582292849035187,0.111049331290995,0.2586265607264472,0.2934379161527109,0.1670484485934562,0.8297389330306469,0.5233027228701737,881,0.0399369802721487,0.2628336755646817,0.2793939048817609,0.205200205338809,0.5770020533880903,0.0660120623319766,0.2439425051334702,0.2651195263594061,0.1680587062568582,0.675564681724846,0.1080606165054973,0.2102669404517453,0.2463556281576784,0.1344618202115574,0.7453798767967146,0.4402600997817334,487,0.0386300604805016,0.2931506849315068,0.3057642691066263,0.2252511415525114,0.684931506849315,0.0713181438959684,0.2616438356164383,0.2829805048144945,0.1739818438791041,0.7534246575342466,0.1161282596236599,0.2342465753424657,0.2693756883166794,0.14314678262752,0.821917808219178,0.4862845417820184,73,0.0374115871192961,0.4068535825545172,0.428962268586332,0.3265835929387332,0.8193146417445483,0.0671255003744048,0.3834890965732087,0.4056357931097698,0.276834668446818,0.8847352024922118,0.1144285908930288,0.3375389408099688,0.3703401494412191,0.2219223103925157,0.9595015576323987,0.6577079710430886,321,0.0920129519697787,0.6738773584365845,1.9474954290657085,0.7906505358054616,0.9812947436834338,0.0006810442678774,itemknn
mf_s42,main,MF-BPR,42,main,51.97736570000416,47.69063230007305,33.0,53.0,623872,68.1728515625,0.0389573437242479,0.3182746878547106,0.3297192849667336,0.2463318199016269,0.6662883087400681,0.0662741739327051,0.2846765039727582,0.3055944479018345,0.1974741734252031,0.7548240635641317,0.1170608640900799,0.2564131668558456,0.2894130274691199,0.1625736032009342,0.8467650397275823,0.500252664205989,881,0.0412577091164184,0.2426229508196721,0.2545623791712395,0.1827698087431694,0.5635245901639344,0.0676172371159012,0.2172131147540983,0.2383690186872566,0.1457988782944871,0.6700819672131147,0.1215926994730394,0.1926229508196721,0.230102843029274,0.1187030831919257,0.7725409836065574,0.4095385675267228,488,0.0327256434324126,0.3194444444444444,0.3272860548452186,0.2417592592592592,0.6388888888888888,0.0643115304604651,0.3055555555555556,0.3177348387533716,0.2105265285126396,0.7361111111111112,0.1031434858060719,0.2805555555555556,0.3021932004884876,0.1816655063187141,0.8194444444444444,0.4872725004852198,72,0.0368579795798022,0.4330218068535825,0.4445222837111269,0.3439875389408099,0.8286604361370716,0.0646726022710278,0.3825545171339564,0.4050707759872032,0.2731058695544676,0.8878504672897196,0.1132929998208099,0.3479750778816199,0.376712708307906,0.2249854310511399,0.9657320872274144,0.64107213762461,321,0.1357258499730167,0.6718412637710571,2.0082287362587885,0.7782953851216401,0.97523964880707,0.0052213393870601,0.0425666927619424,0.3241770715096481,0.3416196391269254,0.2557472569050321,0.6878547105561862,0.0720759140312919,0.2996594778660613,0.3221569536076955,0.2104009768240755,0.7729852440408627,0.1163472087916602,0.2615777525539159,0.2977576461167751,0.1689481497509697,0.8524404086265607,0.5255509289230293,881,0.0469373180493453,0.2772073921971253,0.292433601028757,0.2148117727583846,0.6180698151950719,0.0767872239067866,0.2505133470225872,0.2754051633959458,0.1737589632019817,0.7104722792607803,0.1192856709830025,0.2162217659137577,0.2564133855872816,0.1390793037828103,0.7802874743326489,0.4525169900996342,487,0.0360775749033707,0.2739726027397259,0.2885107270162856,0.2134703196347032,0.5753424657534246,0.0624139260106737,0.2589041095890411,0.2754926910317893,0.1751315503370298,0.6986301369863014,0.1104769615637497,0.2301369863013698,0.2613801175756733,0.1414074237510805,0.863013698630137,0.4539987465752977,73,0.0374115871192961,0.4068535825545172,0.4283191753820183,0.327466251298027,0.8193146417445483,0.0671255003744048,0.3834890965732087,0.403697804078609,0.2740125929222502,0.8847352024922118,0.1132241463631673,0.3375389408099688,0.3687551989559146,0.2205263459643203,0.9595015576323987,0.6526251891048916,321,0.1411225040474905,0.6716444492340088,2.0308878522638287,0.778811166042461,0.9739219708752196,0.0066969353007945,mf
mf_s43,main,MF-BPR,43,main,44.86778099997901,41.14454670014675,23.0,43.0,623872,67.78759765625,0.038888305275001,0.322360953461975,0.3334014596049841,0.2473155505107832,0.6765039727582293,0.0662008147388854,0.2883087400681045,0.3087214943058073,0.2010915400969317,0.7616345062429057,0.115647495731604,0.2573212258796822,0.2904219201413628,0.1642693211345616,0.8558456299659478,0.5026345382446228,881,0.0405689875364956,0.2508196721311475,0.2636480070900352,0.1901400273224043,0.5758196721311475,0.0670894902328212,0.2174180327868852,0.2410021603198813,0.1474437695160031,0.6823770491803278,0.1187546829923978,0.1926229508196721,0.2312188934996592,0.1201531575279979,0.7909836065573771,0.4229002246202989,488,0.0311210756992728,0.3444444444444444,0.3574165610638774,0.2791203703703703,0.625,0.0623826475160002,0.3319444444444444,0.3455933484607817,0.245188492063492,0.7222222222222222,0.1042984926387481,0.2923611111111111,0.3190468193396893,0.2016554353484384,0.7777777777777778,0.5121303850470517,72,0.0380754317106493,0.4261682242990655,0.4340575266525068,0.3271028037383177,0.8411214953271028,0.0657062178510567,0.3862928348909657,0.4034014366297131,0.2727586164268407,0.8909657320872274,0.1134693675054926,0.3478193146417446,0.3740047371471941,0.2229512140211782,0.97196261682243,0.6217206568704645,321,0.1014570966001079,0.6676246523857117,1.86692613964691,0.7460186612121387,0.983697326726669,0.0018161180476731,0.0400140321930752,0.3200908059023836,0.3353723500921929,0.2517196367763905,0.6799091940976163,0.0693682533936779,0.2928490351872871,0.3152426807857589,0.2079114733609423,0.7684449489216799,0.1117285213337616,0.2562996594778661,0.2915366704807695,0.1666567888554014,0.8444948921679909,0.5065467652234906,881,0.0422629253403368,0.2685831622176591,0.287961288220548,0.2166358658453114,0.5893223819301848,0.0725396015679303,0.2406570841889117,0.2693142546755732,0.1744651849446143,0.6960985626283368,0.1128877845004685,0.2094455852156057,0.2510714493778497,0.1395841152044211,0.7761806981519507,0.447756166611657,487,0.0351685351870471,0.2712328767123287,0.3001064946753663,0.2142009132420091,0.6301369863013698,0.0574969591959404,0.2506849315068493,0.2767523651347573,0.1643728709139668,0.7671232876712328,0.1006655184280288,0.2191780821917808,0.2538090736848914,0.1267101144079321,0.7945205479452054,0.5152424440095673,73,0.0377040954912798,0.4093457943925234,0.4153212428551817,0.313478712357217,0.8286604361370716,0.0672565958097959,0.381619937694704,0.393675504954555,0.2685552753465526,0.8785046728971962,0.1124856492151704,0.3358255451713396,0.3615076276247603,0.2168141075553785,0.9595015576323987,0.5937624567268531,321,0.102266594711279,0.666252851486206,1.871945070206291,0.7456016861182203,0.983379959362766,0.0020431328036322,mf
mf_s44,main,MF-BPR,44,main,53.64825389999896,49.1258736999589,30.0,50.0,623872,67.78759765625,0.0414047830524884,0.318955732122588,0.3300074049615952,0.247139929373187,0.6799091940976163,0.0691640432485667,0.2883087400681044,0.3092710917146246,0.2020201789464261,0.7604994324631101,0.1150775723738177,0.2560158910329171,0.2902333586595618,0.1663981643026178,0.8456299659477866,0.4898236020911843,881,0.0456361082597057,0.2524590163934426,0.267000699245178,0.1924254326047358,0.5942622950819673,0.0729668653973928,0.221311475409836,0.2476220425704046,0.1534681073400823,0.6782786885245902,0.1192531698714598,0.1908811475409836,0.233912308395726,0.1238985309468369,0.7807377049180327,0.4272266638357779,488,0.0363012807354508,0.3388888888888889,0.3492631915222121,0.2741666666666666,0.6388888888888888,0.0621092633805923,0.3138888888888889,0.3305613197634426,0.2265536816578482,0.7638888888888888,0.0983530890677912,0.2833333333333333,0.3104104502115661,0.196753244901285,0.8055555555555556,0.5003091430174763,72,0.036116825001724,0.4155763239875389,0.4214742453268509,0.324257528556594,0.8193146417445483,0.0649651863696479,0.3844236760124611,0.3982176324089063,0.2703285862631657,0.8847352024922118,0.1124809095052339,0.3489096573208722,0.3713296886813923,0.2241995826032941,0.9532710280373832,0.58263465169226,321,0.1243928764166217,0.6684365272521973,1.99123858451413,0.7758311257683013,0.97738808068396,0.0040862656072644,0.0432253584614021,0.3348467650397276,0.348068151068887,0.2642697692016648,0.6946651532349603,0.0677948694674509,0.2936435868331441,0.3183489251662882,0.2108061050754013,0.7707150964812712,0.1147471697752339,0.2576617480136209,0.2951905836270637,0.1694336406429575,0.8399545970488081,0.5118752563717739,881,0.0470802303881324,0.2862422997946612,0.305254404125825,0.2284017796030116,0.6283367556468172,0.0716103550523106,0.2482546201232032,0.2779453085508847,0.1789228539921558,0.704312114989733,0.1181309532782962,0.2126283367556468,0.2573888525647669,0.1421152990880599,0.7679671457905544,0.469392712247176,487,0.0389920585881999,0.295890410958904,0.3168023911537122,0.2412328767123287,0.6027397260273972,0.0609654878338767,0.2602739726027397,0.2865572167568163,0.1836355729506414,0.7534246575342466,0.1088597367245847,0.2294520547945205,0.2666853780346654,0.1416979681159936,0.8082191780821918,0.5052543537132578,73,0.0383397144191158,0.4174454828660436,0.4201326222062047,0.3239252336448598,0.8161993769470405,0.0635593659765606,0.3700934579439253,0.3868765139687586,0.2653562362986039,0.8753894080996885,0.1109524035655955,0.332398753894081,0.3590233656693803,0.2171867136389187,0.956386292834891,0.5778326547604057,321,0.1332973556395035,0.6690111756324768,2.0068676777230623,0.7763912010193601,0.9762145993887876,0.0060158910329171,mf
two_tower_s42,main,Two-Tower,42,main,108.77690850000364,103.32855129995733,35.0,55.0,712064,277.150390625,0.0374635805875912,0.2887627695800227,0.3004135585082876,0.223496657838315,0.6208853575482406,0.0653411884627086,0.2715096481271283,0.2883147905795323,0.1856173039695552,0.7480136208853575,0.1192241636757324,0.246311010215664,0.2769298655278498,0.1536023678059498,0.8535754824063564,0.4669174881033942,881,0.0397815900263187,0.2147540983606557,0.2246810205830268,0.1519000455373406,0.5389344262295082,0.066757937640558,0.1999999999999999,0.2166649296852681,0.1230391747621938,0.6659836065573771,0.1244346996580454,0.1781762295081967,0.2126396450550655,0.1012655715695096,0.7868852459016393,0.3838632429418889,488,0.0418561510774621,0.2694444444444444,0.2866426347341743,0.2159259259259259,0.6111111111111112,0.0729497186944374,0.2680555555555555,0.2895270821590242,0.1922957084068195,0.7222222222222222,0.1207674940127425,0.2381944444444444,0.2782933326344932,0.1598316128822593,0.8194444444444444,0.4494569859153192,72,0.0329543790879971,0.405607476635514,0.4186346956399493,0.3340394600207684,0.7476635514018691,0.0614807904082694,0.3809968847352024,0.3969685199336679,0.2792536962864065,0.8785046728971962,0.1109566828544445,0.3517133956386293,0.3743611987335833,0.2317701276747613,0.9626168224299064,0.5970970139487398,321,0.2015650296815974,0.6140527129173279,2.6577541437712977,0.9460610331610616,0.944423590177722,0.0330306469920544,0.0386089318827028,0.2944381384790011,0.3070575936807594,0.2261530457813091,0.6458569807037458,0.0698689839225929,0.2759364358683314,0.2940555646255547,0.1855393139409882,0.7604994324631101,0.1198988704955157,0.2459137343927355,0.2783572714319973,0.1512152597170833,0.8410896708286039,0.4778988963758681,881,0.0399957198637821,0.2316221765913758,0.2446908747426352,0.1719113620807666,0.5605749486652978,0.0737609075600325,0.2197125256673512,0.2390183441487778,0.1407924896515759,0.6858316221765913,0.1237217472556937,0.1945585215605749,0.2303472201522799,0.1148397435591047,0.7679671457905544,0.4051284971984777,487,0.0518015909441069,0.3123287671232876,0.3333779527247679,0.240958904109589,0.726027397260274,0.0792099857396715,0.2726027397260274,0.3023959635358854,0.1917116039718779,0.7534246575342466,0.1391385141294716,0.2171232876712329,0.2710607011238073,0.1405720344309502,0.8356164383561644,0.5335756068813027,73,0.0335047890220544,0.3856697819314642,0.3956906339070957,0.3050778816199377,0.7570093457943925,0.0618401367447741,0.361993769470405,0.3756576744440477,0.25202257330762,0.8753894080996885,0.1097236836809192,0.3303738317757009,0.3528542951258297,0.2088222124112369,0.9532710280373832,0.5756396581593336,321,0.2101996762007555,0.6172512769699097,2.655357385635315,0.94555127345012,0.94317470273992,0.0371169125993189,two_tower
two_tower_s43,main,Two-Tower,43,main,54.86983710000641,52.25652219995391,9.0,29.0,712064,277.150390625,0.0384483159907158,0.2955732122587968,0.3059789962387211,0.228692773363602,0.6186152099886493,0.0656441529239014,0.2782065834279228,0.2937716549606631,0.1903676034671656,0.7434733257661748,0.1171189017831777,0.2482406356413166,0.2790737814854448,0.1560279516051493,0.8490351872871736,0.4622412766808735,881,0.0429316182818554,0.2274590163934426,0.2384051555199096,0.1655703551912568,0.5491803278688525,0.0672121885200476,0.2051229508196721,0.2242722675782268,0.1306208489771136,0.6536885245901639,0.1212529882060984,0.1812499999999999,0.2175929624544343,0.106723927460696,0.7807377049180327,0.3862324616564136,488,0.0291866287743461,0.2611111111111111,0.2745150937061287,0.20375,0.5277777777777778,0.0644313505488604,0.2624999999999999,0.2780572439303379,0.1836311098513479,0.6944444444444444,0.113512878642558,0.2347222222222222,0.2677567001704594,0.1524007088604736,0.8055555555555556,0.4349395781687448,72,0.0337099669611286,0.4068535825545172,0.4157653988964366,0.3302492211838006,0.7445482866043613,0.0635323784693331,0.3928348909657321,0.4029527722092997,0.2827085496711665,0.8909657320872274,0.1116428877387519,0.3531152647975077,0.3750783594973203,0.231795943069666,0.9626168224299064,0.5839173639855767,321,0.1880733944954128,0.613521158695221,2.4497011640087947,0.9352631928452948,0.9508259453486172,0.0162315550510783,0.0391913504098192,0.3125993189557321,0.3241361589018674,0.2391893681422626,0.6685584562996595,0.0688521219673393,0.2825198637911464,0.3030029958164804,0.1936178149529454,0.7661748013620885,0.1147468175726567,0.252383654937571,0.2850787485409297,0.1578976940507155,0.8331441543700341,0.4929689871672402,881,0.0413119237477365,0.2525667351129363,0.2649780812585147,0.1855561259411362,0.5913757700205339,0.0727748530506966,0.2271047227926078,0.2490358184355128,0.1480780043023369,0.6878850102669405,0.1177205122444142,0.2004106776180698,0.2371364246027387,0.1211201898826564,0.7515400410677618,0.4234629061322789,487,0.038790340288127,0.3095890410958903,0.320744194738729,0.2415068493150684,0.6164383561643836,0.0705517397488476,0.2876712328767123,0.3044707355941379,0.1984906139015727,0.7397260273972602,0.1206553487661301,0.239041095890411,0.2745731823032815,0.1470818921262642,0.8493150684931506,0.4849733219596234,73,0.0360653520400927,0.4043613707165109,0.4146582685474185,0.3200311526479751,0.7975077881619937,0.0625142959995976,0.3654205607476636,0.3845446480929982,0.2615996637491964,0.8909657320872274,0.1088916397462721,0.3342679127725856,0.3602027924451269,0.2161537628056368,0.9532710280373832,0.6002373517285556,321,0.1883432271991365,0.6107797622680664,2.463986797319508,0.935037253146926,0.9504698029333052,0.0195232690124858,two_tower
two_tower_s44,main,Two-Tower,44,main,67.14445459999843,63.43775429998641,14.0,34.0,712064,277.150390625,0.0392039267933537,0.2953461975028377,0.3039553204932436,0.2268984108967082,0.626560726447219,0.0689146183982528,0.27105561861521,0.288892700420601,0.1863060008339317,0.7525539160045402,0.1172141521998814,0.2485244040862655,0.278483693322948,0.1557877731622163,0.8399545970488081,0.4570771395073043,881,0.0420073272201046,0.2135245901639344,0.2245838844649306,0.1542213114754098,0.5430327868852459,0.0740195246264083,0.1977459016393443,0.2175261216996792,0.1239631406979914,0.6844262295081968,0.1217558199915733,0.1795081967213114,0.2145059321288367,0.1045470738464236,0.7766393442622951,0.3740775942200693,488,0.0371440143196363,0.2777777777777778,0.2874395157724961,0.2119560185185185,0.5833333333333334,0.0664829690440489,0.25,0.2727290057870356,0.1763021751910641,0.6944444444444444,0.1058902148817531,0.2402777777777777,0.2705731869199906,0.153274316833479,0.7777777777777778,0.4431074448618308,72,0.0354040959206223,0.4236760124610592,0.4283241638630585,0.3407372793354101,0.7632398753894081,0.0616993053582615,0.387227414330218,0.4010131877396867,0.2833265341442911,0.8691588785046729,0.1128496338340236,0.3552959501557632,0.3775201541445657,0.2342501722954744,0.9501557632398754,0.5863905230420233,321,0.1921208850512682,0.6125653982162476,2.599745939517382,0.9369964256774732,0.9481742341314786,0.029738933030647,0.0420702299433451,0.3012485811577752,0.3148724589542904,0.2341789632992811,0.6492622020431328,0.0690214988307487,0.2805902383654938,0.2991917537867921,0.1924883806152048,0.7548240635641317,0.1185591917197503,0.2530079455164585,0.284536361514084,0.1580723066582787,0.8388195232690124,0.4808331146803207,881,0.0481252037259531,0.2431211498973306,0.257248513520969,0.18152977412731,0.5811088295687885,0.0735652898478864,0.2223819301848049,0.2438389612953035,0.1457846090181452,0.6837782340862423,0.121282256061737,0.2010266940451745,0.2363681330722202,0.1208382087366361,0.7638603696098563,0.4083901643232162,487,0.0374424026180644,0.2986301369863013,0.3090740818431609,0.2342465753424657,0.6301369863013698,0.0646839631249853,0.2671232876712329,0.2851607072389823,0.1845189171559035,0.7397260273972602,0.1344119442613758,0.2267123287671233,0.2652359775569914,0.1375115693748269,0.8356164383561644,0.4721666841529855,73,0.0339364578642651,0.390031152647975,0.4036143373192126,0.3140394600207684,0.7570093457943925,0.0631143769652492,0.3719626168224299,0.3863602159093621,0.265156628591208,0.8660436137071651,0.1108227952397309,0.3378504672897196,0.3620032003927613,0.2192372272487208,0.9532710280373832,0.5927096450616458,321,0.1921208850512682,0.6163949370384216,2.589942551873139,0.9351955953206106,0.9488461512545536,0.0309875141884222,two_tower
node2vec_s42,main,Node2Vec,42,main,127.96402109999326,125.16024340011064,29.0,30.0,623744,,0.0343942844952934,0.2860385925085131,0.2966441878099282,0.2174246437129524,0.6242905788876277,0.06155295160765,0.2547105561861521,0.2745071324741566,0.1735550362786052,0.7150964812712827,0.1036188200177224,0.2263904653802497,0.2574030921333956,0.1403258626541602,0.8104426787741204,0.4617803598496801,881,0.034166555335432,0.2114754098360655,0.220855022162689,0.1519592440801457,0.5307377049180327,0.0635689842163008,0.1907786885245901,0.2089258903879326,0.1197831923069774,0.6516393442622951,0.1040798842107802,0.1672131147540983,0.1996282489700965,0.0964110190191795,0.7561475409836066,0.3715203403974625,488,0.0249538082159197,0.1361111111111111,0.1534771089294603,0.1108101851851851,0.3472222222222222,0.0293720852582728,0.1013888888888889,0.1265706189119393,0.0776047178130511,0.3611111111111111,0.0499755516102557,0.0791666666666666,0.1090077502706356,0.0546310297704292,0.4583333333333333,0.2549538481217402,72,0.0368579795798022,0.4330218068535825,0.4439748498511943,0.3408618899273105,0.8286604361370716,0.0657062178510567,0.3862928348909657,0.4073889864135862,0.2768232069567183,0.8909657320872274,0.1149500225072096,0.3493769470404985,0.3785201889489989,0.2263086404158401,0.97196261682243,0.6453890774107203,321,0.1991365353480841,0.6663335561752319,2.6182795267407526,0.8173291845906412,0.9588651834954268,0.0607264472190692,0.0379609955504959,0.2887627695800226,0.3051105799114502,0.2230571320469163,0.6435868331441543,0.0636830342599629,0.2665153234960272,0.2868012932111279,0.1830234739563627,0.7196367763904654,0.1070453848418438,0.2336549375709421,0.2664868865872342,0.1463844096495098,0.8013620885357549,0.4843229439101004,881,0.0423759555971843,0.2402464065708419,0.2545296100340158,0.178788501026694,0.5893223819301848,0.0680075071680814,0.219917864476386,0.2409877395523562,0.1435247180665558,0.6776180698151951,0.1141002623124465,0.1926078028747433,0.2286959031985258,0.1152108224033199,0.7659137577002053,0.4149852668329983,487,0.0109236608063572,0.0931506849315068,0.1047035535326779,0.0773059360730593,0.2328767123287671,0.0191195881811937,0.0712328767123287,0.0862598625315267,0.0531256794955425,0.3013698630136986,0.0275147756553517,0.0506849315068493,0.0689815073312422,0.0321889557402619,0.3424657534246575,0.1832435188779817,73,0.0374115871192961,0.4068535825545172,0.4274241165343815,0.3233644859813084,0.8193146417445483,0.0672565958097959,0.381619937694704,0.4019125862685505,0.2724889976759135,0.8785046728971962,0.1144285908930288,0.3375389408099688,0.3687364242694409,0.219648600067795,0.9595015576323987,0.6579872640468398,321,0.2056125202374527,0.6675570011138916,2.693801709373174,0.815116581308386,0.9573448706977612,0.068671963677639,node2vec
node2vec_s43,main,Node2Vec,43,main,87.60805310000433,85.71725230000447,15.0,20.0,623744,,0.0325724581353792,0.2753688989784336,0.2873539579838875,0.2127386807920293,0.6027241770715096,0.0593084408765532,0.2492622020431328,0.2681977890321805,0.1695961983607921,0.7037457434733257,0.1032503582911811,0.2250283768444949,0.2544620666844184,0.1391230275359571,0.7877412031782066,0.4525385404853659,881,0.0339875099045918,0.2045081967213114,0.2180518747188669,0.1521846539162113,0.5225409836065574,0.060946896117741,0.1883196721311475,0.2077086770981862,0.1193206359274128,0.6516393442622951,0.1067880066283808,0.1702868852459016,0.2030210118438267,0.0984838391633737,0.7561475409836066,0.3799768465556194,488,0.0038752685932187,0.0527777777777777,0.0563592923573073,0.0380092592592592,0.1388888888888889,0.016373199725812,0.0486111111111111,0.054437870737495,0.0285591196355085,0.1944444444444444,0.0223774713364662,0.0375,0.0464240010538095,0.0193599069777529,0.2083333333333333,0.1030643738977072,72,0.0368579795798022,0.4330218068535825,0.4445222837111269,0.3439875389408099,0.8286604361370716,0.0664479150359105,0.3869158878504673,0.4081024642378084,0.2776620679424418,0.897196261682243,0.1160119641235363,0.3503115264797508,0.3793280339355478,0.2277674780219737,0.9657320872274144,0.6412371281240816,321,0.2083108472746896,0.6814274191856384,2.739105920891278,0.8175541753110593,0.9593469007217796,0.0779795686719636,0.036516901813409,0.2889897843359818,0.3005579165962855,0.2224479757850927,0.6242905788876277,0.0649041069414118,0.2700340522133939,0.2874420260990083,0.1867023304045627,0.7105561861520999,0.1059480787381097,0.2334279228149829,0.2649149941100245,0.1480151450092107,0.7900113507377979,0.4612693160220421,881,0.0408914227617006,0.2472279260780287,0.2540030777482575,0.1808692676249144,0.5708418891170431,0.0714350304455581,0.2277207392197125,0.2453381720702009,0.1496356956350111,0.6735112936344969,0.1139403626996325,0.1936344969199178,0.2290158667299369,0.1173495677328871,0.7720739219712526,0.3923669742551218,487,0.0033992896900149,0.0493150684931506,0.0493365802780589,0.0380365296803653,0.1232876712328767,0.0041765124861963,0.0328767123287671,0.0377328133657452,0.0245662100456621,0.136986301369863,0.0111900286817025,0.0287671232876712,0.0336934268433546,0.0154925092437285,0.1780821917808219,0.0794742414001076,73,0.0374115871192961,0.4068535825545172,0.4283191753820183,0.327466251298027,0.8193146417445483,0.0688061463454975,0.3881619937694704,0.4081066661038598,0.2798094578779937,0.897196261682243,0.1153720518373498,0.3403426791277258,0.3719618771149142,0.2246764800386493,0.956386292834891,0.6526290695668752,321,0.2064220183486238,0.6820316314697266,2.8131389122519987,0.8201216907176203,0.9591639290336926,0.0850170261066969,node2vec
node2vec_s44,main,Node2Vec,44,main,72.83413629999268,71.34070940001402,13.0,18.0,623744,,0.0342894297614313,0.2724177071509648,0.2812053569908442,0.2016288308740068,0.6106696935300795,0.0588211265800786,0.2465380249716231,0.263479185752151,0.1647010496930095,0.699205448354143,0.1006821703992634,0.2227582292849035,0.2503772336772301,0.1368674559508445,0.7866061293984109,0.4433296801337446,881,0.0361171365231527,0.209016393442623,0.2178041616952028,0.1504337431693989,0.5286885245901639,0.0616831344400377,0.1881147540983606,0.2060221207614758,0.1188004298941798,0.6495901639344263,0.1024793032006103,0.165983606557377,0.1980073472104167,0.0974301594839541,0.75,0.3655665236966308,488,0.0037426581079644,0.0277777777777777,0.0306660434411288,0.0187037037037037,0.0833333333333333,0.0099659906116077,0.0375,0.0376870737586853,0.0206705614344503,0.1527777777777778,0.0203488881493691,0.0277777777777777,0.0343892322131808,0.0146885653698949,0.1944444444444444,0.0710975367225367,72,0.0383624723138599,0.4236760124610592,0.433786708641475,0.3204880581516095,0.8535825545171339,0.0654283226986762,0.3822429906542056,0.4014732037552008,0.266787335102496,0.897196261682243,0.1159687607884694,0.352803738317757,0.378438419662328,0.2242265861616572,0.9750778816199376,0.645040380030687,321,0.2250404749055585,0.6865593194961548,2.857724616733161,0.8232010479599701,0.9553286292804932,0.0914869466515323,0.0338612690771176,0.281044267877412,0.2982278815119557,0.21631479379493,0.6288308740068105,0.0561714723945176,0.2522133938706016,0.2754148655103,0.1751571214940762,0.7003405221339387,0.0990445415249179,0.2288876276958002,0.2596995564024538,0.1434538930583294,0.7820658342792282,0.4790193004526034,881,0.0363730970190287,0.2373716632443531,0.2541841572506239,0.1811635865845311,0.5646817248459959,0.0594205634827546,0.2108829568788501,0.2351533266404007,0.1421597475403576,0.6591375770020534,0.1007717924165156,0.1853182751540041,0.2211383692719617,0.1126051962877804,0.75564681724846,0.4210502167244336,487,0.003063712015004,0.0356164383561643,0.0353242689257953,0.0222374429223744,0.1095890410958904,0.0041798966928326,0.0273972602739726,0.0296447673201183,0.0168949771689497,0.1095890410958904,0.0135515202958913,0.0246575342465753,0.0287414573859933,0.0139013528693434,0.1506849315068493,0.0583596768528275,73,0.0370542954254777,0.4031152647975077,0.424836160122729,0.3137798546209761,0.8442367601246106,0.0630657953423419,0.3660436137071651,0.3923886555337398,0.2612096375414132,0.897196261682243,0.1158664087071949,0.3414330218068536,0.3707252241929563,0.2197176025943212,0.9657320872274144,0.6626301923479377,321,0.229897463572585,0.6869410872459412,2.8861630832081064,0.82220522653509,0.9544874618145376,0.0969353007945516,node2vec
graphsage_s42,main,GraphSAGE,42,main,87.47688440000638,80.54012680007145,47.0,67.0,640384,298.28955078125,0.0396843598752637,0.2969353007945516,0.3150841470086524,0.2294734518854836,0.674233825198638,0.0692978284118706,0.2719636776390465,0.2968708810653677,0.1871467082860386,0.7661748013620885,0.1179061936982832,0.2481271282633371,0.2834581800620466,0.1561021041386475,0.8479001135073779,0.502320412056481,881,0.0431214397094048,0.2295081967213115,0.2483255707661797,0.1764845173041894,0.569672131147541,0.0718114362502731,0.2012295081967213,0.2304819121617079,0.1371099374403677,0.6823770491803278,0.1191190607905704,0.1792008196721311,0.2222520771273415,0.1124293040815728,0.7704918032786885,0.4191320675083458,488,0.0372433244715581,0.288888888888889,0.2900055554569828,0.2031712962962963,0.7083333333333334,0.0680805633568712,0.2624999999999999,0.2773496954574929,0.169195509994121,0.7638888888888888,0.1183233717957009,0.2486111111111111,0.2750098817017468,0.1496764130260593,0.8055555555555556,0.4379083493666827,72,0.0350066638939738,0.4012461059190031,0.4221989251957141,0.3159293873312565,0.8255451713395638,0.0657495494673833,0.381619937694704,0.4021772430240994,0.2672415071947782,0.8940809968847352,0.1159687607884694,0.352803738317757,0.3784016558068368,0.2239369209235659,0.9750778816199376,0.6432349935304856,321,0.186184565569347,0.6495168209075928,2.2894891855106243,0.8169735769023778,0.958985122753972,0.0221339387060158,0.0371855065472524,0.3141884222474461,0.3311475345640521,0.244201664774877,0.6787741203178207,0.0668979589621647,0.2879682179341657,0.3095684538493865,0.1985382725629874,0.7707150964812712,0.1132236990950091,0.2544267877412032,0.2877749243681676,0.1596800159552549,0.8456299659477866,0.5146519734652679,881,0.0393557733640293,0.2657084188911704,0.2798709664689222,0.2023648186173853,0.6078028747433265,0.0685250684708305,0.2336755646817248,0.2575493240920274,0.1578404574621696,0.6981519507186859,0.1110276224542207,0.2019507186858316,0.2393275259012952,0.1241356437557237,0.7720739219712526,0.4373153833703989,487,0.0273332615209018,0.2547945205479452,0.2558232757855764,0.1821461187214612,0.547945205479452,0.0576428297159981,0.2452054794520548,0.2493833268738547,0.151792056244111,0.7123287671232876,0.1162535557875067,0.2219178082191781,0.2417081777104426,0.123926312982067,0.8082191780821918,0.399525784225623,73,0.0361334627689136,0.4012461059190031,0.4260707730474072,0.3217860851505711,0.8161993769470405,0.0665341648944075,0.3800623052959501,0.4021754023261705,0.2709130692775552,0.8940809968847352,0.1158664087071949,0.3414330218068536,0.3717523560173288,0.2217364943920599,0.9657320872274144,0.6581632855858139,321,0.1899622234214786,0.6509069800376892,2.2991748726119177,0.8174944979197458,0.9575964491118798,0.0256526674233825,graphsage
graphsage_s43,main,GraphSAGE,43,main,70.83411019999767,65.23604619997786,34.0,54.0,640384,297.947265625,0.0378607144005458,0.308967082860386,0.3191137236312771,0.2364456425778786,0.6606129398410897,0.0659978640564897,0.2776390465380249,0.2973334993901208,0.1905636376655173,0.7582292849035187,0.1149693360926752,0.2506810442678774,0.2823551894401147,0.1581877208221864,0.8388195232690124,0.4744618101665135,881,0.0405113136539974,0.2377049180327868,0.2532344024673935,0.1809534380692167,0.5635245901639344,0.0704872644234571,0.2137295081967213,0.2373728154450708,0.1429609871612579,0.6823770491803278,0.1185767032406591,0.1892418032786885,0.2279415869281061,0.1175089645051337,0.764344262295082,0.4148646363966525,488,0.029315536030575,0.3027777777777778,0.300584661880889,0.2306944444444444,0.5555555555555556,0.0512614358658271,0.2638888888888889,0.276851292334982,0.1836998456790123,0.6527777777777778,0.1067813435541653,0.2409722222222222,0.2652561585153296,0.1486616266453804,0.8194444444444444,0.4095153096459211,72,0.035747818472052,0.4186915887850466,0.4234227615565207,0.3220976116303219,0.8317757009345794,0.062478223715828,0.3778816199376947,0.3930828223594492,0.2644710721487164,0.897196261682243,0.1113217980694869,0.3462616822429907,0.3689127229368272,0.2221662624528771,0.956386292834891,0.5796318065440053,321,0.1602806260118726,0.6575497388839722,2.206429534011721,0.8105796927355906,0.9658332378760582,0.0143019296254256,0.0407752818806709,0.317366628830874,0.3279304234185252,0.2424274813974019,0.695800227014756,0.0677562299742487,0.2855845629965948,0.3060749442245564,0.1970155971120108,0.775255391600454,0.1112903763441862,0.2537457434733258,0.2861153560661968,0.1603247697438591,0.8410896708286039,0.49151118298706,881,0.0452527254653975,0.2743326488706366,0.2878856590458917,0.2086966689482089,0.62217659137577,0.071355427258348,0.2381930184804928,0.2638136216987984,0.1632754081555049,0.702258726899384,0.1118503893782204,0.2064681724845996,0.2452582327899276,0.1291296862253554,0.7782340862422998,0.4497423455588057,487,0.0353977171184013,0.2821917808219178,0.2893904482969673,0.2181735159817351,0.6164383561643836,0.0667794937132157,0.2589041095890411,0.274306663499986,0.1732173056944746,0.726027397260274,0.1111942620686804,0.2328767123287671,0.2589686516122259,0.1384285793654918,0.7671232876712328,0.4371884204075985,73,0.0352053354690939,0.3906542056074766,0.3974482378526255,0.2991173416407061,0.8255451713395638,0.0625178893814108,0.3635514018691589,0.3774155939533345,0.253616055975869,0.897196261682243,0.1104626193178225,0.3302180685358255,0.3542746347599134,0.2126313976913111,0.9532710280373832,0.5672338792358468,321,0.1632487857528332,0.6575940847396851,2.215168248086762,0.8095055991731112,0.965309621542022,0.0146424517593644,graphsage
graphsage_s44,main,GraphSAGE,44,main,63.24221769999713,58.486810600035824,35.0,55.0,640384,298.28955078125,0.0410234604357293,0.3021566401816118,0.3155953084440259,0.2327374195989406,0.659477866061294,0.0662931701404987,0.2749148694665153,0.2960547716658656,0.1899502204085064,0.7582292849035187,0.1149262305008421,0.2490919409761634,0.2817332561634799,0.1564509783357667,0.8467650397275823,0.487183176023872,881,0.0483349912844265,0.2377049180327869,0.2532767642577498,0.1789651639344262,0.5758196721311475,0.074134681424029,0.2131147540983607,0.238704393834052,0.1444515054427964,0.6905737704918032,0.1191522113086168,0.1824795081967213,0.2255990464188143,0.1159075240124147,0.7807377049180327,0.4149476810183619,488,0.0256756938849454,0.3,0.3059878771992033,0.2296296296296296,0.5833333333333334,0.0428771915708654,0.2652777777777778,0.2801448146559704,0.1867994929453262,0.625,0.0865042653544939,0.2527777777777777,0.2709271033622943,0.1570947267895444,0.7361111111111112,0.4416024369149369,72,0.0333506010509699,0.4006230529595015,0.4124899645578264,0.3151817237798546,0.8037383177570093,0.0596243008278843,0.3710280373831776,0.3868102273874775,0.259826311625377,0.8909657320872274,0.1148767066888264,0.3495327102803738,0.3694950547836733,0.2179427410183952,0.97196261682243,0.6072228482311378,321,0.1430113329735564,0.6444370746612549,2.124691535662225,0.7997812727043518,0.9711805196101913,0.0085130533484676,0.0405999993627421,0.3164585698070374,0.3344201447612993,0.2483106318577374,0.6867196367763905,0.0659808857559713,0.2845629965947787,0.3097775946691876,0.1994624514790992,0.775255391600454,0.1124203057329763,0.2569239500567536,0.2916484324880575,0.1638406767012029,0.8467650397275823,0.5180096731100815,881,0.0449819616219318,0.2731006160164271,0.2939076994878181,0.2178884325804243,0.6078028747433265,0.0680567067164867,0.2416837782340862,0.2706164148405815,0.1718136722329056,0.6960985626283368,0.1116902277015505,0.2086242299794661,0.2512648081799837,0.1361390365555211,0.7741273100616016,0.4635640930561179,487,0.031397098351368,0.2739726027397259,0.2867108813668923,0.2100913242009132,0.6027397260273972,0.0654312063073922,0.2561643835616438,0.2735337561072082,0.1720953830542871,0.726027397260274,0.1083702701482257,0.2198630136986301,0.2514118791652817,0.1334266635108419,0.8082191780821918,0.4528940788043167,73,0.036044847193287,0.3919003115264798,0.4067327213219753,0.3031568016614746,0.8255451713395638,0.0629565922730282,0.3560747663551402,0.3774327186304201,0.2476330168619888,0.9065420560747663,0.1144489680351295,0.3386292834890966,0.3620661690319658,0.2127843580527399,0.9657320872274144,0.6154191306508947,321,0.145979492714517,0.6496015787124634,2.1391587703271826,0.7983917828934266,0.9707552804208044,0.0116912599318955,graphsage
gat_s42,main,GAT,42,main,116.53156000000308,111.47013589995912,26.0,46.0,628160,1025.36572265625,0.0416579515924535,0.3096481271282633,0.3217560650846614,0.2377670576365242,0.6708286038592508,0.0699917131773542,0.2777525539160045,0.2997350654424435,0.1910930881685503,0.7707150964812712,0.1197915337873029,0.2500567536889898,0.2849701152562979,0.1574841014393881,0.8592508513053349,0.4929866334965118,881,0.0450090152149799,0.2352459016393442,0.2502851678783889,0.1771846539162113,0.5737704918032787,0.071872475513548,0.2090163934426229,0.233886443257807,0.1393700329061497,0.6885245901639344,0.1233058386710213,0.1858606557377049,0.2265546084273806,0.1140699703589046,0.7889344262295082,0.4078349324461116,488,0.0403450622628449,0.2638888888888889,0.2588371992175171,0.1748148148148148,0.625,0.0803646888370428,0.2805555555555556,0.2799494035876919,0.1664832923910305,0.7777777777777778,0.1282311260267898,0.2513888888888889,0.2732481186699623,0.1442112009132501,0.8888888888888888,0.409371396350563,72,0.0368579795798022,0.4330218068535825,0.4445222837111269,0.3439875389408099,0.8286604361370716,0.0648058369544253,0.381619937694704,0.4042792874974114,0.27524497684155,0.8940809968847352,0.1125559218729799,0.3473520249221183,0.3764054768971943,0.2264614995862976,0.9595015576323987,0.6411932602476134,321,0.1953588774959525,0.6501410007476807,2.3350814901257544,0.8242034922379431,0.9539190673405644,0.0248581157775255,0.0392385366521579,0.3182746878547105,0.3341415011735104,0.2488233068482785,0.6799091940976163,0.0680747540791024,0.2863791146424517,0.309352609389672,0.1986268917538848,0.7707150964812712,0.1157032675415701,0.2515891032917139,0.2873017655237974,0.1591228423962239,0.8501702610669694,0.5172244498649812,881,0.0414031106834415,0.2652977412731006,0.2784139742956859,0.2010677618069815,0.6036960985626283,0.0689466834541719,0.2328542094455852,0.2564191910739085,0.1564403787981083,0.6960985626283368,0.1181351473723926,0.2030800821355236,0.2414297916877307,0.1244638622910402,0.7823408624229979,0.4383229182072641,487,0.032831731813987,0.2821917808219177,0.2917890651265168,0.2215981735159817,0.5753424657534246,0.0757051923692187,0.2630136986301369,0.2786463511826889,0.1733435408663719,0.7397260273972602,0.1153930578764525,0.2123287671232876,0.2482242760810266,0.1292523986863318,0.8082191780821918,0.4442230524422306,73,0.0374115871192961,0.4068535825545172,0.4283191753820183,0.327466251298027,0.8193146417445483,0.0650166494035967,0.3728971962616823,0.3966427388877609,0.2683792793683759,0.8909657320872274,0.1120843261955981,0.3341121495327103,0.3657824757651891,0.2184981249571166,0.9626168224299064,0.6535302066536695,321,0.2015650296815974,0.6471279263496399,2.332735243672637,0.8223513333300507,0.953824181788222,0.0276958002270147,gat
gat_s43,main,GAT,43,main,108.56050299998606,103.76724740004283,24.0,44.0,628160,1027.88427734375,0.039337824151395,0.3096481271282633,0.3223256811670973,0.2397884348593769,0.662883087400681,0.0655700825367295,0.2724177071509648,0.2958454970011939,0.1890942681776961,0.7582292849035187,0.1173803003703013,0.2481271282633371,0.2826432883807476,0.1570402915507126,0.8365493757094211,0.492265183684307,881,0.0435674998510018,0.2442622950819672,0.2614502471183006,0.1891535746812386,0.569672131147541,0.0694469854828654,0.2084016393442623,0.2369154927674956,0.1435602068696331,0.6721311475409836,0.1184913403392604,0.1840163934426229,0.2268182879941419,0.1167428199492673,0.7540983606557377,0.4228830222667614,488,0.0301623412269863,0.275,0.2783386020074456,0.1935185185185185,0.6111111111111112,0.0589797522168144,0.2527777777777777,0.2645881359965743,0.1601519326866549,0.7222222222222222,0.1256822641301701,0.2340277777777778,0.262289158618712,0.1374691859862353,0.8194444444444444,0.4448667966211825,72,0.0349657152079349,0.4168224299065421,0.4247377731150963,0.3271443406022845,0.8161993769470405,0.0611544287838309,0.3741433021806853,0.392444786902681,0.2648091282203431,0.897196261682243,0.1138291200102934,0.3487538940809969,0.3720766140241439,0.2226922720558456,0.9657320872274144,0.6083747744640804,321,0.194009713977334,0.6373288035392761,2.333382442062435,0.8229771525730285,0.9557685086551672,0.0240635641316685,0.0388944818688011,0.3162315550510783,0.3298810802764154,0.246434922436625,0.6696935300794552,0.0649736895452296,0.2809307604994324,0.3040033135078376,0.1957395875069244,0.7650397275822929,0.1122874546499554,0.2538592508513054,0.2869951697041626,0.1605420868904616,0.8399545970488081,0.5006643686039812,881,0.0408576078830713,0.2669404517453799,0.2799311318345057,0.2053713210130048,0.5811088295687885,0.0665086099853455,0.2361396303901437,0.2589097109878343,0.1608240222090813,0.6878850102669405,0.1118537454646255,0.2048254620123203,0.2424912562398068,0.1275374302892022,0.7700205338809035,0.4315014282204573,487,0.0352075383445612,0.263013698630137,0.2852867740317534,0.2143835616438356,0.5753424657534246,0.0745952754895423,0.2506849315068494,0.2749365820999293,0.1752843009349858,0.7123287671232876,0.1135523576131769,0.2143835616438356,0.2492265376295787,0.1311637791242701,0.7671232876712328,0.4657539188361106,73,0.0367546205240032,0.4031152647975079,0.4158032274635505,0.3160228452751817,0.8255451713395638,0.0604569231020169,0.3557632398753894,0.379026540361479,0.253363002521881,0.8940809968847352,0.1126577925220441,0.3372274143302181,0.363102696179508,0.2172956203226899,0.9626168224299064,0.6135329505349181,321,0.1942795466810577,0.6366690397262573,2.344023549642656,0.8198779028353712,0.9560145740288014,0.026560726447219,gat
gat_s44,main,GAT,44,main,135.0520586000057,129.09728770001675,33.0,53.0,628160,1029.37060546875,0.0419357153242313,0.3032917139614075,0.315265889009501,0.2349653171900617,0.6549375709421112,0.070804816872327,0.2729852440408626,0.2945144696901663,0.1862107478674826,0.7639046538024972,0.1180399828951925,0.2454029511918274,0.2797373592317973,0.1534975940936935,0.8467650397275823,0.4801818275761216,881,0.048483503536797,0.2409836065573771,0.2577133347109812,0.1824612932604736,0.5758196721311475,0.0761966134815282,0.2086065573770492,0.2362324644872111,0.1397046216786653,0.6844262295081968,0.1200421002304325,0.1793032786885245,0.2233335234566979,0.111651169403788,0.7684426229508197,0.4228690693498558,488,0.030572324905485,0.2416666666666666,0.2612477322993398,0.1869907407407407,0.5694444444444444,0.0656140725604597,0.2416666666666667,0.2610577838818722,0.1600267305996472,0.7222222222222222,0.1193910712815325,0.2263888888888889,0.2591988145365337,0.1388958057208787,0.8611111111111112,0.4425660994062696,72,0.0345302432445356,0.4118380062305296,0.4148763369247946,0.3255451713395638,0.794392523364486,0.0637722213743964,0.3778816199376947,0.3906219460678588,0.2627847005884389,0.8940809968847352,0.1146932177132187,0.3501557632398754,0.3700920230209173,0.2203897561233401,0.9626168224299064,0.5757486763071092,321,0.2172153264975715,0.6635965704917908,2.364519530442398,0.8231367548887332,0.948981098234418,0.0335981838819523,0.0396413524277128,0.323950056753689,0.3316455486400129,0.2483276579644344,0.6787741203178207,0.0669142761532595,0.28683314415437,0.3064696828306597,0.1978436901308637,0.775255391600454,0.1135763658565588,0.2506242905788876,0.2839969344731608,0.157407661480419,0.8388195232690124,0.4916666662912221,881,0.0394658110750336,0.2603696098562628,0.2742478063403078,0.1980150581793292,0.5872689938398358,0.0690353031457154,0.2338809034907597,0.2565578065091976,0.156596645046337,0.6981519507186859,0.114918279695144,0.1998973305954825,0.2385991951898218,0.1222219512794051,0.7618069815195072,0.4352946899326134,487,0.0412660870875413,0.3178082191780822,0.3211347370109509,0.2369406392694064,0.6712328767123288,0.0616852306200588,0.2534246575342466,0.2760770463770542,0.1739247662535333,0.7534246575342466,0.1103907542165193,0.2143835616438356,0.249551864054497,0.1303664856607093,0.7945205479452054,0.477144930680386,73,0.0395381842301652,0.4218068535825545,0.4211159216894768,0.3272481827622015,0.8193146417445483,0.0648855539682056,0.3747663551401869,0.3891044062875607,0.2658604888822957,0.897196261682243,0.1122649565429509,0.3358255451713395,0.3607046889016609,0.216938648093293,0.9657320872274144,0.5804929565910151,321,0.2282784673502428,0.663011372089386,2.4075652980995788,0.8232665343794087,0.947052330392841,0.0401816118047673,gat
lightgcn_s42,main,LightGCN,42,main,59.55683499999577,55.15325010000379,16.0,36.0,623872,524.05859375,0.0409161949630258,0.3123723041997729,0.3233632355152382,0.2414033926094085,0.6572077185017026,0.0705262876621338,0.28422247446084,0.3036437888237286,0.1947721451636105,0.7684449489216799,0.122475837511595,0.2572644721906924,0.2904228222611503,0.1624085164043434,0.8592508513053349,0.4907547341041417,881,0.0450707073734563,0.244672131147541,0.260146622737847,0.1897962204007286,0.5614754098360656,0.0747490540958066,0.219672131147541,0.2438778415853817,0.1495756095395049,0.6905737704918032,0.1273274017943604,0.1935450819672131,0.2349903660636845,0.1218798467772477,0.7930327868852459,0.4163638278431235,488,0.0399240970420293,0.3111111111111111,0.3211030473200226,0.2380439814814815,0.625,0.0684638123263417,0.3069444444444444,0.3185807082564733,0.2089309597295708,0.7361111111111112,0.1256636933540612,0.2784722222222222,0.3087977837598647,0.1790388313327933,0.8333333333333334,0.4790064351951607,72,0.0348228273431556,0.415576323987539,0.4199751999558064,0.3206126687435098,0.8099688473520249,0.0645692415703725,0.3772585669781931,0.3911525864971108,0.2603063343717549,0.8940809968847352,0.1143852176030371,0.3493769470404985,0.3705724839323525,0.2202920307444503,0.9657320872274144,0.6064825838761777,321,0.1478683216405828,0.6529532670974731,2.130053756056893,0.7980769566157455,0.9689952728740644,0.0088535754824063,0.0406079654438481,0.3248581157775256,0.3379216762333363,0.2508683314415437,0.6912599318955732,0.0696674006214393,0.2946651532349603,0.3154877407192394,0.20263288517366,0.7775255391600454,0.1198478564842237,0.2635073779795687,0.2969314349594069,0.166573060345,0.8524404086265607,0.5170187600530354,881,0.0443037010693398,0.2817248459958932,0.2963889549667978,0.2182854209445585,0.62217659137577,0.0726009392065073,0.2486652977412731,0.2735424326728106,0.1709782646232118,0.7104722792607803,0.1222319903906156,0.2169404517453798,0.2568931817210139,0.1373740964013216,0.7823408624229979,0.4594334739843986,487,0.0363381799874885,0.3041095890410958,0.3169233793092891,0.2377625570776255,0.6438356164383562,0.0697919418786808,0.2698630136986302,0.2913748793146418,0.1848981058684255,0.726027397260274,0.1339802983237578,0.2452054794520548,0.2796678045754309,0.1490928346074739,0.8493150684931506,0.48706976611892,73,0.0359720498323211,0.3950155763239876,0.4057076915986312,0.3032814122533748,0.8068535825545171,0.065188507155063,0.3700934579439253,0.3846080020935277,0.2546903278445334,0.8909657320872274,0.1130168861829811,0.3383177570093458,0.3616008254426707,0.2148470538634136,0.9595015576323987,0.6111941833322146,321,0.1578521316783594,0.6557172536849976,2.1300519042682664,0.7965564612527976,0.9684916872537892,0.0090805902383654,lightgcn
lightgcn_s43,main,LightGCN,43,main,51.85127720001037,48.41676100005861,16.0,36.0,623872,524.05859375,0.0410619524115001,0.3103291713961408,0.3288290403466004,0.2454994324631101,0.6730987514188422,0.0688285101793257,0.2791146424517594,0.3046647227606845,0.1956042841528085,0.775255391600454,0.1200214710119577,0.2549375709421112,0.2909132190210673,0.1618463394034751,0.8637911464245176,0.514797691131886,881,0.0468020900519317,0.2516393442622951,0.2681811684686699,0.193650956284153,0.5901639344262295,0.0738206337186053,0.217827868852459,0.2454242673365531,0.1500347899861219,0.694672131147541,0.1234259771738539,0.1918032786885246,0.2347204377090328,0.120948956100443,0.7889344262295082,0.4336911110024659,488,0.0365363498864951,0.3055555555555556,0.3231642837041407,0.2404166666666667,0.6527777777777778,0.067752996270585,0.2902777777777777,0.3092878234728649,0.200445877425044,0.7638888888888888,0.1261579462698746,0.26875,0.3008186625422875,0.1702560195881005,0.8888888888888888,0.5012471432363074,72,0.0333506010509699,0.4006230529595015,0.4222995199562178,0.3254620976116303,0.8037383177570093,0.06148047502126,0.3697819314641744,0.3936880218127069,0.2637953073233447,0.9003115264797508,0.1134693675054926,0.3478193146417446,0.3741184693224536,0.2221342711124677,0.97196261682243,0.6411392816354333,321,0.1527253103076092,0.6559095978736877,2.1402732841039285,0.7990242446681295,0.9684145659430088,0.0081725312145289,0.0411021361857656,0.3282633371169126,0.3474111862790829,0.2607746878547106,0.6901248581157775,0.0693267748233493,0.2929625425652667,0.3196967596410043,0.2073952646703781,0.775255391600454,0.1201065320091242,0.2632236095346197,0.3003964647805612,0.1688452112143505,0.8490351872871736,0.5330024110757638,881,0.0443839654042708,0.2874743326488706,0.3018792988348774,0.2265965092402464,0.6016427104722792,0.0729808248134572,0.2503080082135524,0.2764047831581006,0.1762394003346262,0.7002053388090349,0.123541431031227,0.2180698151950718,0.2595866062826497,0.1404592432859106,0.784394250513347,0.4541039419735359,487,0.0414465051881433,0.3205479452054794,0.3330527079873371,0.2444748858447488,0.684931506849315,0.0765232943226596,0.2876712328767123,0.3092758770307615,0.1931938102486047,0.7671232876712328,0.1307025258871403,0.2452054794520548,0.2846680591375162,0.1524549088666523,0.7945205479452054,0.5077435312024353,73,0.036044847193287,0.3919003115264798,0.4197544825427138,0.3163343717549325,0.8255451713395638,0.0621464998431866,0.3588785046728972,0.3877463452413839,0.2578924986401621,0.8909657320872274,0.1124856492151704,0.3358255451713396,0.3658873516977737,0.2156379166739523,0.9595015576323987,0.6584461889061004,321,0.1540744738262277,0.6540070176124573,2.1492096888089502,0.7982395202645527,0.9681104911322744,0.0077185017026106,lightgcn
lightgcn_s44,main,LightGCN,44,main,65.57560650000232,60.94216939984472,21.0,41.0,623872,524.05859375,0.0405114181259703,0.3137343927355278,0.3273201910587199,0.2451548114516333,0.6685584562996595,0.0737066573432166,0.2858115777525539,0.3086926117574982,0.1995271764589301,0.771850170261067,0.1207765088024097,0.2540862656072644,0.2907780618967471,0.1637627627796303,0.8592508513053349,0.4998951578074215,881,0.0449517655780348,0.2438524590163934,0.2618568617137523,0.1890260701275045,0.569672131147541,0.0799549704361834,0.2198770491803278,0.2478614138386453,0.1511620763400988,0.7008196721311475,0.1253089178581358,0.1911885245901639,0.2357893775809393,0.1232819920080451,0.7827868852459017,0.4288484944581097,488,0.0372720200477485,0.3194444444444444,0.3312291583880303,0.2456018518518518,0.6944444444444444,0.0703293711369354,0.2930555555555555,0.3152970022618241,0.2078169091710758,0.75,0.1243628160474103,0.2756944444444444,0.3085053536050209,0.1804147513447801,0.8611111111111112,0.4977234806053175,72,0.0344875773316541,0.4186915887850467,0.4259639887927818,0.3303842159916926,0.8130841121495327,0.0649651863696479,0.3844236760124611,0.3996898343995191,0.2711948029471394,0.8847352024922118,0.113081712101991,0.3448598130841122,0.3703983514391722,0.2215685975454957,0.9750778816199376,0.6083908975987474,321,0.1618996222342147,0.6409446001052856,2.192077523128683,0.8114834358068014,0.9640930772750634,0.0095346197502838,0.0421411198552086,0.3312145289443814,0.3421461029876059,0.2573931138857359,0.6923950056753689,0.0746499615720343,0.2978433598183881,0.3198106737249417,0.2093874912810375,0.7741203178206584,0.1227188447870279,0.2604994324631101,0.2972675183183547,0.1677709605482784,0.8535754824063564,0.5093103050934884,881,0.0454901401186679,0.2804928131416838,0.2936173980125884,0.215927446954141,0.6139630390143738,0.081847825921833,0.2519507186858316,0.2767960216627455,0.174238989230189,0.7125256673511293,0.1289397208110423,0.2146817248459958,0.2574469844463286,0.1369104513031168,0.7905544147843943,0.4498726382555792,487,0.0375119992799057,0.3013698630136986,0.3078535809783009,0.2334703196347032,0.6301369863013698,0.0753995677062131,0.2863013698630137,0.3001079050959239,0.1974668406175255,0.7397260273972602,0.1335371648747838,0.2458904109589041,0.2783773165156162,0.152280324706698,0.821917808219178,0.4554105451545971,73,0.0381129358480199,0.4149532710280374,0.4235692600888917,0.325742471443406,0.8255451713395638,0.0635593659765606,0.3700934579439253,0.3895503549218509,0.2654234040448993,0.8753894080996885,0.1108207015156847,0.3333333333333333,0.3619765050076899,0.2181132796100512,0.956386292834891,0.6117427855470736,321,0.1670264436049649,0.6456395983695984,2.1872181481119326,0.808830743380691,0.9642632464580246,0.0128263337116912,lightgcn
hybrid_s42,main,Hybrid (id+content+graph),42,main,43.60554270001012,40.50255020000623,8.0,28.0,637824,525.84765625,0.0395478278230599,0.3171396140749149,0.3257268673930648,0.2465238365493757,0.6572077185017026,0.0687489867810508,0.2943246311010216,0.3115047051119257,0.2060126770996791,0.7729852440408627,0.1202264606611013,0.2612372304199772,0.2942622236111755,0.16921974410462,0.8524404086265607,0.4800983755573775,881,0.0431854361968954,0.2467213114754098,0.2585628060139596,0.1848241120218579,0.5717213114754098,0.0708838501955319,0.2170081967213115,0.2409695409547368,0.1455647359505429,0.6864754098360656,0.1229603587177106,0.1921106557377049,0.2327600450367862,0.1207415881596976,0.7827868852459017,0.4124849093291399,488,0.0381885355833299,0.3666666666666667,0.3683287585115649,0.2929166666666666,0.6527777777777778,0.0629818006893281,0.3222222222222222,0.3399792602962262,0.240471092372134,0.75,0.1161712034773029,0.2819444444444444,0.315706407370881,0.1954807035421146,0.8194444444444444,0.4960518633699748,72,0.0343226445047698,0.4130841121495328,0.4182774150331624,0.3299169262720665,0.7881619937694704,0.0667970367883318,0.405607476635514,0.4123489173718587,0.2901796222123324,0.909657320872274,0.116979844666111,0.3616822429906542,0.3829509523139891,0.2370283142654379,0.9657320872274144,0.5793093425258293,321,0.1384241770102536,0.6486273407936096,2.123411736911737,0.8801736753848628,0.9714183154230984,0.0063564131668558,0.043101456475357,0.3280363223609535,0.3420325009752681,0.258578635389078,0.6855845629965948,0.0738982320106445,0.2972758229284903,0.3201478857454552,0.2099022725498321,0.7843359818388195,0.1209466558070841,0.265266742338252,0.3003687801867072,0.1710458019257524,0.8501702610669694,0.5102129936522496,881,0.0473206027255924,0.2747433264887063,0.2944111034322785,0.216840063883185,0.6139630390143738,0.0808677593512709,0.2486652977412731,0.2769090935225465,0.1745674032789022,0.7145790554414785,0.1241267547513648,0.2158110882956878,0.2584236588447882,0.1400243589268319,0.7720739219712526,0.4639478685075979,487,0.0406451547094405,0.3150684931506849,0.3307931278453438,0.2460730593607306,0.6575342465753424,0.0667117756453704,0.2753424657534247,0.2992568055424143,0.1901436906573892,0.7534246575342466,0.1254350284879636,0.2493150684931507,0.2858896538344118,0.1558439078854358,0.8493150684931506,0.5035431315224775,73,0.0372590446530745,0.4118380062305296,0.4168365347507211,0.3247455867082035,0.8006230529595015,0.0649588285831676,0.37601246105919,0.3904978566718681,0.2680033872323591,0.897196261682243,0.1151012994470562,0.3439252336448598,0.367297908900826,0.2215666150267411,0.968847352024922,0.5819202082345509,321,0.146788990825688,0.6490304470062256,2.131010187749632,0.8766679082110035,0.970472338931928,0.0097616345062429,hybrid
hybrid_s43,main,Hybrid (id+content+graph),43,main,51.670290699985344,47.83622130000731,9.0,29.0,637824,525.84765625,0.0412509195594632,0.3175936435868332,0.3279045773004443,0.2497975785092697,0.6572077185017026,0.0735628785373952,0.2912599318955732,0.3116011911890073,0.2060042695032357,0.7809307604994324,0.1248561406694142,0.2617480136208853,0.296420505319195,0.1692627006787902,0.8649262202043133,0.4857478371491086,881,0.0469567921437299,0.2454918032786885,0.2567356968280035,0.1842520491803278,0.5778688524590164,0.0800761794631519,0.2172131147540983,0.2418581402496382,0.1469231965896558,0.7008196721311475,0.1290147472931781,0.1932377049180327,0.2344532671812314,0.1212272762173551,0.7950819672131147,0.4090612989500531,488,0.0404199133414818,0.3555555555555555,0.3853715650609558,0.2938888888888888,0.6944444444444444,0.0708600811432716,0.3222222222222222,0.3575329196850098,0.2401533761652809,0.8055555555555556,0.1452238412779563,0.2875,0.3381732571578167,0.1949927164387488,0.9166666666666666,0.5980625977336503,72,0.0327629651251096,0.4186915887850467,0.4232092207639779,0.3395534787123572,0.7694704049844237,0.0642672728072009,0.3968847352024922,0.4073255662877611,0.2881626118775651,0.897196261682243,0.1139655659771656,0.3601246105919003,0.3812610476212059,0.2365172988173051,0.9595015576323987,0.5771383912894575,321,0.1500269832703723,0.6379191279411316,2.171902740959901,0.8773130028934402,0.9699696721517336,0.0103291713961407,0.0418946732669541,0.3269012485811577,0.3374933051014472,0.258732816244167,0.662883087400681,0.0752834357354688,0.297616345062429,0.31799295117254,0.2099955311295914,0.793416572077185,0.1252947316936147,0.2625425652667423,0.2976729802834083,0.1686792946653731,0.8649262202043133,0.4966434975842383,881,0.0474376536995887,0.2735112936344969,0.2860028845024615,0.2094530002281542,0.6036960985626283,0.0803126263968104,0.2414784394250513,0.2667729701828258,0.1664242896565425,0.7166324435318275,0.1314058236339216,0.2137577002053388,0.25488175270084,0.1349907889641904,0.7946611909650924,0.4434037380827293,487,0.0325479659075852,0.3150684931506849,0.3316683483567163,0.254703196347032,0.6301369863013698,0.0803464531437736,0.2972602739726027,0.3169579451037083,0.2071434007392911,0.7808219178082192,0.1329762731128648,0.2417808219178082,0.2825851092213038,0.1524111015938092,0.8904109589041096,0.5111278617523581,73,0.0356108046268944,0.4105919003115265,0.4169358492574331,0.3344132917964693,0.7601246105919003,0.0665020770972146,0.3828660436137072,0.3959358987894108,0.2767475564126654,0.912772585669782,0.1142764940034755,0.3412772585669781,0.3660242027763811,0.2234888908357786,0.9657320872274144,0.5741213925778899,321,0.1554236373448461,0.639377236366272,2.169503046356082,0.8764849214318864,0.969271904994386,0.0112372304199772,hybrid
hybrid_s44,main,Hybrid (id+content+graph),44,main,39.566808300005505,36.99191159999464,8.0,28.0,637824,525.84765625,0.040931999981589334,0.3230419977298525,0.33585035042844075,0.25480987514188425,0.6708286038592508,0.0715289057599809,0.2947786606129399,0.31638159790431364,0.20985784337697747,0.771850170261067,0.11886270661293155,0.25794551645856983,0.29416169640762524,0.1683536469941078,0.8513053348467651,0.5004590542998997,881,0.04331721254384631,0.24303278688524593,0.25763004513508303,0.18387636612021854,0.5737704918032787,0.07583220981952152,0.21782786885245903,0.24291034145560156,0.14690099035971402,0.6885245901639344,0.1211800184898296,0.1887295081967213,0.22974128185736825,0.11789960425995798,0.7848360655737705,0.41755005748219026,488,0.0344425407937726,0.3444444444444444,0.37009918789584395,0.2966550925925926,0.6388888888888888,0.059604236847949764,0.30833333333333335,0.33722048492198353,0.2355838477366255,0.7222222222222222,0.11906996657834745,0.27291666666666664,0.3132674637525777,0.1877546192650001,0.8194444444444444,0.5532500678334011,72,0.03876146207237251,0.43987538940809967,0.44708272639574764,0.3532606438213915,0.8255451713395638,0.06766150320736537,0.4087227414330218,0.42340207541739544,0.299797631409781,0.9096573208722741,0.11529332682029544,0.3598130841121495,0.38781137569637575,0.2407047462176619,0.9595015576323987,0.6146604171429841,321,0.13761467889908258,0.6515491008758545,2.175416888635733,0.8921495969219441,0.9702542062967497,0.007264472190692373,0.04297680207196185,0.3282633371169126,0.3452166751835473,0.2589219952074663,0.6867196367763905,0.07194393919256184,0.29296254256526677,0.31908092174925257,0.20709169624464743,0.7843359818388195,0.12089336735810184,0.2606696935300794,0.29839644464117276,0.1683141377056551,0.8501702610669694,0.5247154667892782,881,0.04579457107476406,0.26365503080082137,0.28368902832553444,0.20705738078941363,0.5913757700205339,0.07433403517857097,0.2386036960985626,0.26594403186830057,0.16466440956944037,0.6981519507186859,0.12299107084303916,0.21170431211498972,0.25218026013400147,0.13416803830584514,0.7741273100616016,0.45231634615793015,487,0.036992455306328456,0.2931506849315068,0.30734509410585276,0.22223744292237443,0.6575342465753424,0.07919442331944293,0.2808219178082192,0.2998528433138198,0.18775657751685149,0.7808219178082192,0.14656559674280173,0.24520547945205481,0.28399944933317856,0.15017699212552155,0.863013698630137,0.49844115728483174,73,0.04006279524805703,0.43426791277258575,0.44717489773346614,0.34595015576323984,0.838006230529595,0.06666897942169338,0.3781931464174455,0.4040694423031785,0.27585665661210834,0.9158878504672897,0.11187263731994741,0.3384735202492212,0.37178667053673664,0.22424299139742207,0.9626168224299065,0.6405297856094998,321,0.15029681597409605,0.654009997844696,2.1757793907939327,0.8892503904521768,0.96915104689576,0.010102156640181659,hybrid
