model,key,k_revealed,method,n_users,seed,recall@10,recall@20,ndcg@10,ndcg@20,mrr,run
Popularity,popularity,0,as-is,298,42,0.054919407493704726,0.09857113643306903,0.333728422828704,0.3118570623911821,0.5131451279481491,popularity_k0
Popularity,popularity,1,as-is,298,42,0.054919407493704726,0.09857113643306903,0.333728422828704,0.3118570623911821,0.5131451279481491,popularity_k1
Popularity,popularity,3,as-is,298,42,0.054919407493704726,0.09857113643306903,0.333728422828704,0.3118570623911821,0.5131451279481491,popularity_k3
Popularity,popularity,5,as-is,298,42,0.054919407493704726,0.09857113643306903,0.333728422828704,0.3118570623911821,0.5131451279481491,popularity_k5
Popularity,popularity,10,as-is,298,42,0.054919407493704726,0.09857113643306903,0.333728422828704,0.3118570623911821,0.5131451279481491,popularity_k10
Popularity (demographic),popularity_demo,0,as-is,298,42,0.05602201038802489,0.10067875324007734,0.3455828078308013,0.3251330778398063,0.5463347588839775,popularity_demo_k0
Popularity (demographic),popularity_demo,1,as-is,298,42,0.05602201038802489,0.10067875324007734,0.3455828078308013,0.3251330778398063,0.5463347588839775,popularity_demo_k1
Popularity (demographic),popularity_demo,3,as-is,298,42,0.05602201038802489,0.10067875324007734,0.3455828078308013,0.3251330778398063,0.5463347588839775,popularity_demo_k3
Popularity (demographic),popularity_demo,5,as-is,298,42,0.05602201038802489,0.10067875324007734,0.3455828078308013,0.3251330778398063,0.5463347588839775,popularity_demo_k5
Popularity (demographic),popularity_demo,10,as-is,298,42,0.05602201038802489,0.10067875324007734,0.3455828078308013,0.3251330778398063,0.5463347588839775,popularity_demo_k10
ItemKNN,itemknn,0,item-item scores from revealed items,298,42,0.054919407493704726,0.09857113643306903,0.333728422828704,0.3118570623911821,0.5131451279481491,itemknn_k0
ItemKNN,itemknn,1,item-item scores from revealed items,298,42,0.044929297681796154,0.07405806070645725,0.2628962660797208,0.2451285093969276,0.40334847022763887,itemknn_k1
ItemKNN,itemknn,3,item-item scores from revealed items,298,42,0.046122008683148245,0.08473284571803909,0.2953454729665191,0.2776438999632579,0.46227059528272985,itemknn_k3
ItemKNN,itemknn,5,item-item scores from revealed items,298,42,0.05657744836930799,0.09915400391364007,0.3214230893253949,0.30837462718439096,0.5194328348631027,itemknn_k5
ItemKNN,itemknn,10,item-item scores from revealed items,298,42,0.07300387407095897,0.12597939391584678,0.3725106372300757,0.35569118857786786,0.5593266629236562,itemknn_k10
MF-BPR,mf,0,cold-user vector,298,42,0.053334578435252765,0.09506700527139114,0.32644072962572007,0.3095861011145752,0.5114432636979751,mf_k0
MF-BPR,mf,1,fold-in: user vector fitted on revealed items,298,42,0.043660570940071565,0.08120051963389559,0.2605015222474155,0.24894232418631213,0.41633282769780994,mf_k1
MF-BPR,mf,3,fold-in: user vector fitted on revealed items,298,42,0.05059183448800534,0.08713879210630156,0.3009905237694605,0.28100830253041037,0.4923303013699256,mf_k3
MF-BPR,mf,5,fold-in: user vector fitted on revealed items,298,42,0.05920183830614117,0.10064364207472584,0.32435049569827246,0.30613049472392634,0.5190661071641341,mf_k5
MF-BPR,mf,10,fold-in: user vector fitted on revealed items,298,42,0.06868665210039196,0.12144455428018043,0.3367272211293147,0.3269779940230002,0.507339164617044,mf_k10
Two-Tower,two_tower,0,cold-user vector,298,42,0.05093046247918482,0.09585500107712798,0.3270420361396457,0.30975290356386714,0.515366080895046,two_tower_k0
Two-Tower,two_tower,1,fold-in: user vector fitted on revealed items,298,42,0.03788179884334442,0.07384279609272064,0.23901254114056092,0.23052830155472442,0.3889937375284737,two_tower_k1
Two-Tower,two_tower,3,fold-in: user vector fitted on revealed items,298,42,0.044171425220450054,0.08099553356791887,0.26698899055026903,0.2541953291016781,0.43288812902062745,two_tower_k3
Two-Tower,two_tower,5,fold-in: user vector fitted on revealed items,298,42,0.05286048255080382,0.09662174466376458,0.29313650857590934,0.2834250749416877,0.4807912543950787,two_tower_k5
Two-Tower,two_tower,10,fold-in: user vector fitted on revealed items,298,42,0.06820428967831367,0.12210335334266369,0.340881854190539,0.32952873306786284,0.5383155445403508,two_tower_k10
Node2Vec,node2vec,0,cold-user vector,298,42,0.054786043221059136,0.09764298404469503,0.3280107262120869,0.3098282259313006,0.5087967034575747,node2vec_k0
Node2Vec,node2vec,1,fold-in: user vector fitted on revealed items,298,42,0.04497866204978138,0.07812521087958595,0.269036131342206,0.25333798249632483,0.41225593545860756,node2vec_k1
Node2Vec,node2vec,3,fold-in: user vector fitted on revealed items,298,42,0.046710231199624745,0.08035982817669383,0.27301734473641803,0.25625168056776654,0.4431833572713433,node2vec_k3
Node2Vec,node2vec,5,fold-in: user vector fitted on revealed items,298,42,0.056424253914130904,0.10264639726782826,0.3026229120482722,0.28976283445936796,0.47947379903753146,node2vec_k5
Node2Vec,node2vec,10,fold-in: user vector fitted on revealed items,298,42,0.06893716876826846,0.12407505031648543,0.34067992249076745,0.32825000525751274,0.5213980429672764,node2vec_k10
GraphSAGE,graphsage,0,inductive: revealed edges added to the graph,298,42,0.05157647040004795,0.09970687788653346,0.3228193003847969,0.3130206320712014,0.5127937191270924,graphsage_k0
GraphSAGE,graphsage,1,inductive: revealed edges added to the graph,298,42,0.04057427465099755,0.06572997573253127,0.24524768348776865,0.22458819325376864,0.4163108863527808,graphsage_k1
GraphSAGE,graphsage,3,inductive: revealed edges added to the graph,298,42,0.05511833091696149,0.09466305553041217,0.3142205282901796,0.2933901206339515,0.48801408664855905,graphsage_k3
GraphSAGE,graphsage,5,inductive: revealed edges added to the graph,298,42,0.06164221957555793,0.10811641044452551,0.3432204192511722,0.32398413845780805,0.5405288346607668,graphsage_k5
GraphSAGE,graphsage,10,inductive: revealed edges added to the graph,298,42,0.06629926445086529,0.11932903352869922,0.3631632376749832,0.3452994212259517,0.5589220229680626,graphsage_k10
GAT,gat,0,inductive: revealed edges added to the graph,298,42,0.049219692560698594,0.09505374419956734,0.3149805033529036,0.3071594375720227,0.5082563766371713,gat_k0
GAT,gat,1,inductive: revealed edges added to the graph,298,42,0.0461486828154221,0.08116732491144177,0.2655939190779787,0.2510613769075799,0.4459642092063862,gat_k1
GAT,gat,3,inductive: revealed edges added to the graph,298,42,0.04929495411253932,0.08593529429623976,0.28728855444806667,0.2693602388757769,0.47492047028403966,gat_k3
GAT,gat,5,inductive: revealed edges added to the graph,298,42,0.06436716333268251,0.10991984000449018,0.32590192498103254,0.3083161130481019,0.516190487604273,gat_k5
GAT,gat,10,inductive: revealed edges added to the graph,298,42,0.0732079849179665,0.12643930420724644,0.35434194661201346,0.34100186120261117,0.5601025706977147,gat_k10
LightGCN,lightgcn,0,inductive: revealed edges added to the graph,298,42,0.050957803325810944,0.09572535630818349,0.31313850672310306,0.3044081078012889,0.4870971858915217,lightgcn_k0
LightGCN,lightgcn,1,inductive: revealed edges added to the graph,298,42,0.04797982585687053,0.09326811708795155,0.3098667369100869,0.3012007864087821,0.4884904759104792,lightgcn_k1
LightGCN,lightgcn,3,inductive: revealed edges added to the graph,298,42,0.04941244793242161,0.09329067705120844,0.31101769991036576,0.3001515197875543,0.47028401841461553,lightgcn_k3
LightGCN,lightgcn,5,inductive: revealed edges added to the graph,298,42,0.04918192053291941,0.09559885232695355,0.3141301290043084,0.306684155058933,0.4977952656864702,lightgcn_k5
LightGCN,lightgcn,10,inductive: revealed edges added to the graph,298,42,0.050526720413166665,0.10067211080451204,0.32042640762653346,0.3163793871817695,0.5195413691730728,lightgcn_k10
Hybrid (id+content+graph),hybrid,0,inductive: revealed edges added to the graph,298,42,0.05197948317489123,0.09746878750615594,0.3270117488691917,0.314744501734033,0.4993685916864435,hybrid_k0
Hybrid (id+content+graph),hybrid,1,inductive: revealed edges added to the graph,298,42,0.05073738617591508,0.09798809272315562,0.32158887104724965,0.3128042507509924,0.4790527433811089,hybrid_k1
Hybrid (id+content+graph),hybrid,3,inductive: revealed edges added to the graph,298,42,0.05113365268633158,0.0969568100655006,0.32434641345041065,0.3126735881953452,0.47641070313686507,hybrid_k3
Hybrid (id+content+graph),hybrid,5,inductive: revealed edges added to the graph,298,42,0.05413248757744687,0.10121009335488648,0.33325126102340485,0.31929493306396545,0.49862440028498073,hybrid_k5
Hybrid (id+content+graph),hybrid,10,inductive: revealed edges added to the graph,298,42,0.05635791988249989,0.10562044649137597,0.3496268903279722,0.3336657345889924,0.5409743186677132,hybrid_k10
