model,coverage@10,diversity@10,novelty@10,personalization@10,gini@10,tail_share@10,mean_jaccard_with_popularity_list,share_users_list_differs_from_popularity_in_5plus,distinct_lists,users
Popularity,0.03184025903939557,0.6767380237579346,1.6236233892834375,0.6081578149236475,0.9936435255771389,0.0,1.0,0.0,473,881
Popularity (recent),0.026173772261198058,0.5980747938156128,1.6908462055132432,0.5984960771011418,0.9940179835380611,0.0,0.5988672696958736,0.0,470,881
Popularity (demographic),0.04560172692930383,0.6702679395675659,1.7064975450858018,0.7521499991459594,0.9914219540298183,0.0,0.5888604599795093,0.06923950056753689,531,881
ItemKNN,0.09201295196977874,0.6738773584365845,1.9474954290657083,0.7906505358054616,0.9812947436834338,0.0006810442678774065,0.5359009088271149,0.3779795686719637,561,881
MF-BPR,0.14112250404749055,0.6716444492340088,2.0308878522638287,0.778811166042461,0.9739219708752197,0.006696935300794515,0.539412189720733,0.35754824063564133,561,881
Two-Tower,0.21019967620075553,0.6172512769699097,2.655357385635315,0.9455512734501201,0.9431747027399199,0.03711691259931893,0.18404227462766343,0.7639046538024972,785,881
Node2Vec,0.20561252023745277,0.6675570011138916,2.693801709373174,0.815116581308386,0.9573448706977611,0.06867196367763906,0.4328025818302137,0.4460839954597049,561,881
GraphSAGE,0.18996222342147867,0.6509069800376892,2.2991748726119177,0.8174944979197458,0.9575964491118798,0.02565266742338257,0.40349151045552195,0.5255391600454029,561,881
GAT,0.2015650296815974,0.6471279263496399,2.332735243672637,0.8223513333300507,0.953824181788222,0.02769580022701479,0.3411220266336708,0.5300794551645857,561,881
LightGCN,0.15785213167835943,0.6557172536849976,2.1300519042682664,0.7965564612527976,0.9684916872537892,0.009080590238365494,0.381460969743705,0.44721906923950056,560,881
Hybrid (id+content+graph),0.14678899082568808,0.6490304470062256,2.131010187749632,0.8766679082110035,0.970472338931928,0.0097616345062429,0.31177990931630717,0.4790011350737798,700,881
Final pipeline,0.09471127900701565,0.701230525970459,2.0522974397931377,0.8632285415145943,0.9798118583050587,0.0019296254256526701,0.33183567058754626,0.44721906923950056,714,881
