feature,gain
retrieval_rank,16.220613479614258
i_year,12.276644706726074
i_recent_logpop,9.3951416015625
score_hybrid,6.250018119812012
score_lightgcn,2.9291908740997314
i_logpop,2.6352267265319824
score_two_tower,2.5866618156433105
score_mf,2.3804244995117188
i_mean_rating,2.3595430850982666
pop_gap,2.0885417461395264
year_gap,2.0809061527252197
score_node2vec,1.9277242422103882
i_n_ratings_log,1.8253990411758423
u_genre_entropy,1.7438111305236816
genre_affinity,1.7036784887313843
score_itemknn,1.6912564039230347
retrieval_score,1.6491496562957764
u_active_days,1.6490895748138428
score_gat,1.636591911315918
i_n_genres,1.6313512325286865
u_mean_logpop,1.5444676876068115
genre_rating,1.5141711235046387
u_mean_rating,1.5035487413406372
u_days_since_last,1.4829894304275513
u_n_pos_log,1.4126230478286743
u_rating_std,1.3948012590408325
u_gender_m,1.377215027809143
u_n_ratings_log,1.3604766130447388
u_age,1.3314257860183716
score_graphsage,1.323974370956421
u_is_cold,0.0
i_is_cold,0.0
