retriever,n_candidates,ranker,es_recall@20,es_ndcg@20,es_ndcg@10,recall@5,precision@5,ndcg@5,map@5,hit@5,recall@10,precision@10,ndcg@10,map@10,hit@10,recall@20,precision@20,ndcg@20,map@20,hit@20,mrr,n_users,warm/recall@5,warm/precision@5,warm/ndcg@5,warm/map@5,warm/hit@5,warm/recall@10,warm/precision@10,warm/ndcg@10,warm/map@10,warm/hit@10,warm/recall@20,warm/precision@20,warm/ndcg@20,warm/map@20,warm/hit@20,warm/mrr,warm/n_users,sparse/recall@5,sparse/precision@5,sparse/ndcg@5,sparse/map@5,sparse/hit@5,sparse/recall@10,sparse/precision@10,sparse/ndcg@10,sparse/map@10,sparse/hit@10,sparse/recall@20,sparse/precision@20,sparse/ndcg@20,sparse/map@20,sparse/hit@20,sparse/mrr,sparse/n_users,cold/recall@5,cold/precision@5,cold/ndcg@5,cold/map@5,cold/hit@5,cold/recall@10,cold/precision@10,cold/ndcg@10,cold/map@10,cold/hit@10,cold/recall@20,cold/precision@20,cold/ndcg@20,cold/map@20,cold/hit@20,cold/mrr,cold/n_users,fit_time_s,batched_predict_ms_per_user,best_iteration,epochs_run,best_val_ndcg@10
hybrid,50,retrieval only,0.10528306860535892,0.25069180795677115,0.2687373988704604,0.043101456475357076,0.3280363223609535,0.3420325009752681,0.25857863538907805,0.6855845629965948,0.07389823201064451,0.2972758229284903,0.3201478857454552,0.20990227254983215,0.7843359818388195,0.1209466558070841,0.265266742338252,0.30036878018670726,0.1710458019257524,0.8501702610669694,0.5102129936522496,881,0.04732060272559243,0.27474332648870636,0.2944111034322785,0.21684006388318505,0.6139630390143738,0.08086775935127091,0.2486652977412731,0.27690909352254656,0.17456740327890224,0.7145790554414785,0.12412675475136488,0.21581108829568788,0.25842365884478824,0.14002435892683193,0.7720739219712526,0.46394786850759795,487,0.040645154709440516,0.3150684931506849,0.3307931278453438,0.24607305936073062,0.6575342465753424,0.06671177564537047,0.2753424657534247,0.2992568055424143,0.19014369065738929,0.7534246575342466,0.12543502848796365,0.2493150684931507,0.28588965383441184,0.15584390788543584,0.8493150684931506,0.5035431315224775,73,0.0372590446530745,0.4118380062305296,0.41683653475072113,0.3247455867082035,0.8006230529595015,0.06495882858316769,0.37601246105919006,0.39049785667186815,0.26800338723235917,0.897196261682243,0.11510129944705622,0.34392523364485983,0.36729790890082603,0.22156661502674116,0.9688473520249221,0.5819202082345509,321,,,,,
hybrid,50,logreg,0.11375252308372887,0.2652161632873359,0.28896524018942044,0.04452022344425187,0.340522133938706,0.35555507668463515,0.2665913103796191,0.7082860385925085,0.07700717044149885,0.3076049943246311,0.3319442187657027,0.2185752250200118,0.7968217934165721,0.12400568013522766,0.2719069239500568,0.3093194167114949,0.17733863075980216,0.8603859250851306,0.5357740574502768,881,0.048721484996476105,0.2899383983572895,0.3020702154062204,0.2240389002966005,0.6201232032854209,0.0839310009073971,0.25995893223819305,0.28462080888381935,0.1830768732316107,0.7248459958932238,0.12780678592448624,0.22464065708418893,0.2658843398448246,0.1469240409026457,0.7864476386036962,0.45372769178601624,487,0.040251724667683994,0.32876712328767127,0.3456340199266021,0.2581735159817351,0.726027397260274,0.07455636415485381,0.3,0.32213722269667916,0.2077464303834167,0.7808219178082192,0.1267450372202911,0.2513698630136986,0.29187825526109945,0.15975217264706854,0.8493150684931506,0.5297304469825569,73,0.0391170646740221,0.4199376947040499,0.4389549663604122,0.3330633437175493,0.838006230529595,0.0670601406035943,0.38161993769470404,0.40597042227198277,0.27489360299329146,0.9096573208722741,0.11761592441379909,0.3482866043613707,0.3791826167736358,0.2274810503942718,0.9750778816199377,0.6616237884242282,321,0.22380330000305548,0.007457434730688861,,,
hybrid,50,xgb,0.11794948662812327,0.27575286152255846,0.3008737691778967,0.05395746994807927,0.3430192962542564,0.3614919428198419,0.2674098246941607,0.7287173666288309,0.08253118180837755,0.3072644721906925,0.3368419876316353,0.21895175836341177,0.8149829738933031,0.1305423408979786,0.27009080590238366,0.315506249137799,0.1816422739850365,0.8785471055618616,0.5478593488772253,881,0.06359003264745494,0.2969199178644764,0.32051143071135524,0.23377424138717776,0.6570841889117043,0.09122055240404622,0.2593429158110883,0.29735843055061534,0.18811954738546113,0.7597535934291582,0.13644082974420405,0.22176591375770022,0.2787327349340628,0.15635308425844496,0.8172484599589322,0.49301670496982347,487,0.05464757138188082,0.3232876712328767,0.3359617280356888,0.24191780821917813,0.7397260273972602,0.08220854415034741,0.27534246575342464,0.3045301951748694,0.19038981904278707,0.8082191780821918,0.14086810798830604,0.2417808219178082,0.28887285674095375,0.15317444329737062,0.8904109589041096,0.5174361203046686,73,0.039186643034485893,0.4174454828660436,0.4294708059851882,0.3242367601246106,0.8348909657320872,0.06942161504496805,0.38722741433021807,0.40409199743786783,0.2722237468888559,0.9003115264797508,0.1192453157711695,0.3498442367601246,0.37735341132530453,0.22648335509734083,0.9688473520249221,0.6379816643560459,321,2.2695267999952193,0.023763904671230174,67.0,,
hybrid,50,neural,0.12054703182182959,0.2746127673524978,0.3002111279920821,0.048374530359885516,0.32849035187287173,0.34564195632042816,0.2530413671333081,0.7128263337116912,0.07879775908274389,0.2982973893303065,0.32429702889985895,0.20840656886414546,0.7968217934165721,0.13042099792670617,0.27031782065834276,0.3088852013501483,0.1742032284022084,0.8785471055618616,0.536041220575972,881,0.056659794165006924,0.27392197125256673,0.29098453213264275,0.20987565594341775,0.6262833675564682,0.08623618952038845,0.24702258726899387,0.27584337060068836,0.1714803882424519,0.7268993839835729,0.13657402277507458,0.22238193018480495,0.2667622038878812,0.1435990274763811,0.8172484599589322,0.45555016257570596,487,0.03459046032325164,0.3150684931506849,0.3200115370435654,0.24228310502283107,0.6575342465753424,0.07327483955635417,0.2863013698630137,0.2992210013518575,0.19268862796260056,0.7945205479452054,0.14457305014937094,0.24863013698630135,0.2830371245257114,0.15076536816323446,0.8767123287671232,0.4878103441459605,73,0.03893937035857757,0.4143302180685358,0.43439331515738283,0.3209761163032191,0.8566978193146417,0.06876865472851817,0.37881619937694705,0.40351036722602784,0.26800301636750234,0.9034267912772586,0.11786765551732944,0.34797507788161997,0.3786696542233817,0.22596400612284082,0.9719626168224299,0.6691253303127959,321,3.1581170999852475,0.04099387060147874,,36.0,0.42394577291492475
hybrid,100,retrieval only,0.10528306860535892,0.25069180795677115,0.2687373988704604,0.043101456475357076,0.3280363223609535,0.3420325009752681,0.25857863538907805,0.6855845629965948,0.07389823201064451,0.2972758229284903,0.3201478857454552,0.20990227254983215,0.7843359818388195,0.1209466558070841,0.265266742338252,0.30036878018670726,0.1710458019257524,0.8501702610669694,0.5102129936522496,881,0.04732060272559243,0.27474332648870636,0.2944111034322785,0.21684006388318505,0.6139630390143738,0.08086775935127091,0.2486652977412731,0.27690909352254656,0.17456740327890224,0.7145790554414785,0.12412675475136488,0.21581108829568788,0.25842365884478824,0.14002435892683193,0.7720739219712526,0.46394786850759795,487,0.040645154709440516,0.3150684931506849,0.3307931278453438,0.24607305936073062,0.6575342465753424,0.06671177564537047,0.2753424657534247,0.2992568055424143,0.19014369065738929,0.7534246575342466,0.12543502848796365,0.2493150684931507,0.28588965383441184,0.15584390788543584,0.8493150684931506,0.5035431315224775,73,0.0372590446530745,0.4118380062305296,0.41683653475072113,0.3247455867082035,0.8006230529595015,0.06495882858316769,0.37601246105919006,0.39049785667186815,0.26800338723235917,0.897196261682243,0.11510129944705622,0.34392523364485983,0.36729790890082603,0.22156661502674116,0.9688473520249221,0.5819202082345509,321,,,,,
hybrid,100,logreg,0.11818004133498096,0.2688020395431522,0.28634148847792223,0.042536226926822414,0.3316685584562997,0.34822044836289706,0.25920828603859253,0.7037457434733257,0.07612061888576255,0.3051078320090806,0.32883735419458415,0.21499073695144175,0.7968217934165721,0.1260078167982123,0.27315550510783204,0.30935788670758396,0.17670546643498056,0.8626560726447219,0.5325338459432227,881,0.046096551281638566,0.2804928131416838,0.29313979112976274,0.2162611225188227,0.6160164271047228,0.08250255133432272,0.25975359342915816,0.28261265350908477,0.18109829230954683,0.731006160164271,0.12833174020204285,0.22648870636550308,0.26599285127809663,0.14718157784725333,0.7864476386036962,0.447163347684244,487,0.04015510550939494,0.3315068493150685,0.33965542288524087,0.25465753424657533,0.7123287671232876,0.07630290098309392,0.29041095890410956,0.31103654047765517,0.19666702906428934,0.7945205479452054,0.14485456098186433,0.25753424657534246,0.29635126108562654,0.15942750058925997,0.8767123287671232,0.5141402222989654,73,0.03767623908469387,0.4093457943925234,0.43373299332366133,0.32539979231568017,0.8348909657320872,0.06639691889961301,0.37725856697819315,0.40301457735712026,0.2705771893388716,0.897196261682243,0.11819609398490363,0.3475077881619938,0.3781063475317685,0.22542641736632252,0.9750778816199377,0.6662353013268785,321,0.5237419999903068,0.017337797967575397,,,
hybrid,100,xgb,0.12485488264068287,0.28340537733607307,0.3081063863842392,0.05554600072626991,0.3430192962542566,0.3637422379463221,0.2678704754697944,0.7446083995459705,0.08870377167240653,0.30930760499432464,0.34058824579141306,0.22024981132151014,0.8138479001135074,0.13799658032592754,0.2724744608399546,0.3196762133344339,0.18233753278261428,0.8853575482406356,0.5568790361410098,881,0.06670250401220269,0.29158110882956884,0.31593388342370154,0.22585101528633356,0.6776180698151951,0.10210044169326273,0.26344969199178647,0.3006448341270316,0.18734323450271428,0.7638603696098563,0.1504878878239198,0.22607802874743324,0.28430903797592993,0.156167710858529,0.8275154004106776,0.4956211895745021,487,0.04993795332619365,0.32602739726027397,0.3478820213598771,0.25627092846270927,0.7397260273972602,0.08080536385177314,0.26301369863013696,0.30266034266024505,0.1890342103355802,0.7808219178082192,0.1376139336579155,0.24246575342465754,0.2901325240209588,0.15305023782112828,0.8904109589041096,0.5496738731508019,73,0.039895441099965546,0.4249221183800624,0.4398807565236639,0.334257528556594,0.8473520249221184,0.07017543980558179,0.3894080996884735,0.40981310064851284,0.27727237139230904,0.897196261682243,0.11913261289677694,0.34968847352024923,0.3800516143296835,0.2287010088237919,0.9719626168224299,0.6514539525776903,321,2.257495400001062,0.03338864926253017,38.0,,
hybrid,100,neural,0.12535378686591628,0.27530947453442534,0.29718514412462693,0.04792588386925119,0.32849035187287173,0.34313862103447657,0.2513977172405095,0.70261066969353,0.08456373414664174,0.3073779795686719,0.3291574316258789,0.21111717416819167,0.8047673098751419,0.13909668328384692,0.2735527809307605,0.3119399285629409,0.17438264548776197,0.8808172531214529,0.5291930672201912,881,0.05549835583249996,0.27063655030800826,0.28512956143556245,0.20463666438512432,0.6201232032854209,0.09460409354384988,0.25852156057494863,0.2815991182190836,0.17360187144673067,0.7453798767967146,0.14993231888104228,0.226694045174538,0.2711150165447703,0.14401664765146147,0.8275154004106776,0.4491705045222664,487,0.03956580233784607,0.3232876712328767,0.32857694195006026,0.24963470319634706,0.6575342465753424,0.08622739933119251,0.2931506849315068,0.3106402977528227,0.1997580995868667,0.821917808219178,0.14926263831135717,0.2493150684931507,0.2887792195459962,0.15438466200812992,0.863013698630137,0.48832803980870054,73,0.03833863186205625,0.4174454828660436,0.4344576696258586,0.32274143302180686,0.838006230529595,0.06895282266716331,0.3847352024922118,0.40552082540108897,0.27061613014884045,0.8909657320872274,0.12034568872670558,0.3501557632398754,0.3791438659806545,0.22499975994349866,0.9657320872274143,0.6598913072043913,321,2.6156374999845866,0.06433609535703044,,32.0,0.361455657316963
hybrid,200,retrieval only,0.10528306860535892,0.25069180795677115,0.2687373988704604,0.043101456475357076,0.3280363223609535,0.3420325009752681,0.25857863538907805,0.6855845629965948,0.07389823201064451,0.2972758229284903,0.3201478857454552,0.20990227254983215,0.7843359818388195,0.1209466558070841,0.265266742338252,0.30036878018670726,0.1710458019257524,0.8501702610669694,0.5102129936522496,881,0.04732060272559243,0.27474332648870636,0.2944111034322785,0.21684006388318505,0.6139630390143738,0.08086775935127091,0.2486652977412731,0.27690909352254656,0.17456740327890224,0.7145790554414785,0.12412675475136488,0.21581108829568788,0.25842365884478824,0.14002435892683193,0.7720739219712526,0.46394786850759795,487,0.040645154709440516,0.3150684931506849,0.3307931278453438,0.24607305936073062,0.6575342465753424,0.06671177564537047,0.2753424657534247,0.2992568055424143,0.19014369065738929,0.7534246575342466,0.12543502848796365,0.2493150684931507,0.28588965383441184,0.15584390788543584,0.8493150684931506,0.5035431315224775,73,0.0372590446530745,0.4118380062305296,0.41683653475072113,0.3247455867082035,0.8006230529595015,0.06495882858316769,0.37601246105919006,0.39049785667186815,0.26800338723235917,0.897196261682243,0.11510129944705622,0.34392523364485983,0.36729790890082603,0.22156661502674116,0.9688473520249221,0.5819202082345509,321,,,,,
hybrid,200,logreg,0.11980592271027746,0.2662620404566929,0.2807914375057985,0.042174611135162174,0.32917139614074914,0.3448467028803298,0.25719636776390464,0.6980703745743473,0.07434734009404549,0.3037457434733257,0.3258433219143881,0.21234980291355623,0.7922814982973894,0.12567660582257986,0.2709421112372304,0.30628341558017036,0.1739592714305344,0.8649262202043133,0.5280941118086143,881,0.04587130523883533,0.28049281314168384,0.28932360376004695,0.2142778918548939,0.6119096509240246,0.07956105447325075,0.2558521560574949,0.2765705483277314,0.17581215663693417,0.7268993839835729,0.12974645926445952,0.22546201232032853,0.26318861303587826,0.14456333563669205,0.7905544147843943,0.4377503005365352,487,0.037105381291268905,0.3150684931506849,0.32027857847646496,0.2380821917808219,0.684931506849315,0.07505640848809486,0.29178082191780824,0.3037330042250773,0.1928700079727477,0.7808219178082192,0.13855686856112592,0.25479452054794516,0.28687026806468935,0.15184113816382694,0.8767123287671232,0.4757708411393894,73,0.03771904649377708,0.4062305295950157,0.43466982547553173,0.32665628245067496,0.8317757009345794,0.06627618465654213,0.37912772585669785,0.4056249229362621,0.27221229128549995,0.8940809968847352,0.11657293664466933,0.34361370716510903,0.3760788318035361,0.22358682426564616,0.9750778816199377,0.677056837192901,321,1.0586270000203513,0.029106242903302108,,,
hybrid,200,xgb,0.13154998039198706,0.2879448962740797,0.3187834722671696,0.06033720174707078,0.3452894438138479,0.36960046832090887,0.272496216420734,0.7582292849035187,0.09322137505032124,0.31577752553916005,0.34879029212219503,0.22567663384561795,0.8274687854710556,0.14341111047664987,0.2788308740068105,0.3274392039582744,0.18676901733967982,0.8910329171396141,0.5681146532468121,881,0.07536985846286914,0.30718685831622183,0.33461968921263713,0.24215434633812455,0.7002053388090349,0.10994786813296858,0.2728952772073922,0.315084724552333,0.19784514438903555,0.7782340862422998,0.15836020495264075,0.23459958932238192,0.29662816556605975,0.16404532468992422,0.837782340862423,0.5161842231786955,487,0.055226741839352736,0.2958904109589041,0.3114707213349639,0.2195433789954338,0.7397260273972602,0.08486495977072409,0.273972602739726,0.29666197176798415,0.18038849025150394,0.821917808219178,0.14428489867448346,0.24246575342465757,0.28474894118669,0.1455450294008439,0.8767123287671232,0.49271130874676405,73,0.03869283960585463,0.4143302180685358,0.4358905336034706,0.3305711318795431,0.8504672897196262,0.06974541300721017,0.39034267912772586,0.41178088026045107,0.27819990439928133,0.9034267912772586,0.12053261967213455,0.35420560747663554,0.38389205404965815,0.23061882867913774,0.9750778816199377,0.664047873158576,321,5.490860399993835,0.14015652666663356,109.0,,
hybrid,200,neural,0.12813984055591943,0.28022386183093384,0.3050485840967636,0.0537621777202944,0.32894438138479004,0.34849747167279704,0.2530394753436751,0.7219069239500567,0.08708866613128878,0.3031782065834279,0.3308781966983353,0.2107488012230999,0.8081725312145289,0.14026286084781736,0.27122587968217937,0.31419709210884184,0.1753144767672134,0.8887627695800226,0.5435248439453132,881,0.06470531407374494,0.2809034907597536,0.3008871510017135,0.21435546429386265,0.6550308008213552,0.10004512101135539,0.2535934291581109,0.28752847406174026,0.1769915924389377,0.7474332648870636,0.1542945698032014,0.2257700205338809,0.27841652100451036,0.14879988763057328,0.837782340862423,0.47395182938695063,487,0.052279355010745536,0.3178082191780822,0.3309049051912493,0.24547945205479454,0.6986301369863014,0.08232504999706111,0.28219178082191776,0.30499329002430914,0.19260092773791404,0.7945205479452054,0.14515919257090212,0.24657534246575338,0.289174892407261,0.15319438071798488,0.8904109589041096,0.5160353591256089,73,0.03749718910243354,0.40436137071651096,0.4247295075605563,0.31344755970924193,0.8286604361370716,0.06851530305093419,0.38317757009345793,0.402532131624272,0.26609009543588985,0.9034267912772586,0.1178613827261438,0.34579439252336447,0.374171418295835,0.2205710871134358,0.9657320872274143,0.6553279295582759,321,3.90516110000317,0.12561555051431905,,45.0,0.3284417645423158
