model,key,index,n,latency_ms_mean,latency_ms_p50,latency_ms_p95
MF-BPR,mf,flat,20,0.20750499999849126,0.19774999236688018,0.37641501112375414
MF-BPR,mf,flat,50,0.23749400056355321,0.2558499982114881,0.3743449953617529
MF-BPR,mf,flat,100,0.26267966692103073,0.2767999976640567,0.38133499183459213
MF-BPR,mf,flat,200,0.2781373337105227,0.29764999635517597,0.40263000701088464
MF-BPR,mf,flat,500,0.3281060008642574,0.3252500027883798,0.46727000590180984
Two-Tower,two_tower,flat,20,0.3243339994029763,0.29230001382529736,0.5816550008603373
Two-Tower,two_tower,flat,50,0.3303976676155192,0.27225000667385757,0.460749986814335
Two-Tower,two_tower,flat,100,0.29153866673974943,0.298099999781698,0.4231900195009075
Two-Tower,two_tower,flat,200,0.31598266747702536,0.3369000041857362,0.43759500986197974
Two-Tower,two_tower,flat,500,0.35956833239955205,0.36249999538995326,0.5023599835112691
Node2Vec,node2vec,flat,20,0.26485999987926334,0.26274999254383147,0.41123498958768323
Node2Vec,node2vec,flat,50,0.2812656666113374,0.28384999313857406,0.4307749914005399
Node2Vec,node2vec,flat,100,0.2721113358469059,0.2929000183939934,0.4029500094475225
Node2Vec,node2vec,flat,200,0.31812566885491833,0.31885001226328313,0.44874501036247244
Node2Vec,node2vec,flat,500,0.4561976674206865,0.387699983548373,0.7382750161923474
GraphSAGE,graphsage,flat,20,0.2733460007584654,0.27699998463504016,0.4542949944152498
GraphSAGE,graphsage,flat,50,0.27694233402144164,0.29445000109262764,0.43913999543292453
GraphSAGE,graphsage,flat,100,0.29737599892541766,0.31824997859075665,0.47166498261503875
GraphSAGE,graphsage,flat,200,0.30500133308426786,0.3188499977113679,0.44576501677511265
GraphSAGE,graphsage,flat,500,0.4417949991572338,0.4007500101579353,0.7999850029591472
GAT,gat,flat,20,0.25872299903615686,0.25749999622348696,0.39586998173035703
GAT,gat,flat,50,0.34152666601585224,0.30020000122021884,0.8644050045404609
GAT,gat,flat,100,0.32504533233198646,0.3201000072294846,0.4768449914990925
GAT,gat,flat,200,0.36811099930976826,0.3336500085424632,0.5035499911173248
GAT,gat,flat,500,0.35190100034621236,0.34940001205541193,0.47671499341959134
LightGCN,lightgcn,flat,20,0.2460443350719288,0.2521999995224178,0.41130501340376224
LightGCN,lightgcn,flat,50,0.265468333576185,0.2770500141195953,0.41698499990161514
LightGCN,lightgcn,flat,100,0.286508666855904,0.30050000350456685,0.4281100002117455
LightGCN,lightgcn,flat,200,0.33218599904406193,0.33144999179057777,0.482880006893538
LightGCN,lightgcn,flat,500,0.3585133330974107,0.3493000112939626,0.479784986237064
Hybrid (id+content+graph),hybrid,flat,20,0.2704413329289916,0.26744999922811985,0.4213949767290615
Hybrid (id+content+graph),hybrid,flat,50,0.291463001340162,0.2840000088326633,0.4445150058018045
Hybrid (id+content+graph),hybrid,flat,100,0.32776366667045903,0.3065499913645908,0.5460149928694592
Hybrid (id+content+graph),hybrid,flat,200,0.2978889997272442,0.3110000106971711,0.41358997841598466
Hybrid (id+content+graph),hybrid,flat,500,0.4424163338262588,0.36094999813940376,1.1254500015638789
