model,key,role,index,batched_ms_per_user,build_time_s,recall@20,recall@50,recall@100,recall@200,recall@500,warm/recall@100,warm/recall@200,sparse/recall@100,sparse/recall@200,cold/recall@100,cold/recall@200,faiss_vs_bruteforce_top100_overlap
MF-BPR,mf,val,flat,0.16016526673376036,0.001066900003934279,0.1170608640900799,0.21325984716688315,0.32352828827961266,0.47296847102089773,0.7063883398001969,0.3321095820966804,0.48234606229436183,0.3364303610046639,0.4836465254482798,0.30758866018324893,0.4563171175622623,
MF-BPR,mf,test,flat,0.14808206585374376,0.001066900003934279,0.11634720879166027,0.213690871192364,0.3257930119737735,0.4781063095035731,0.7081449823990702,0.33146011907808065,0.4919726233418192,0.3452779147779843,0.49101116063056466,0.3127641052307674,0.4541345058540521,1.0
Two-Tower,two_tower,val,flat,0.15096492622291857,0.0005332999862730503,0.11922416367573248,0.21467519304242633,0.32699361529019333,0.4778783501757367,0.712574432919153,0.3265971319388264,0.4779062027927431,0.3445491856929578,0.5131229005892654,0.3236586707620563,0.4699306875375025,
Two-Tower,two_tower,test,flat,0.14519001134997922,0.0005332999862730503,0.11989887049551572,0.22227807981642042,0.33456830744287297,0.48904893657998355,0.7230029538286753,0.33360448457907954,0.49162733397638947,0.35539329525533436,0.5037313812653152,0.33129465518230516,0.4817981640127596,0.9999772985244041
Node2Vec,node2vec,val,flat,0.1672583428147026,0.00019520000205375254,0.10361882001772244,0.19539565496347522,0.2962089524169322,0.4215778021695116,0.6343408409826203,0.310981035540049,0.44110002323314335,0.1015025850444439,0.11932562682274463,0.317424160786833,0.4596940412533588,
Node2Vec,node2vec,test,flat,0.15559466516072615,0.00019520000205375254,0.10704538484184381,0.20112282512087112,0.3008290786455168,0.4285838323103413,0.6382636426079609,0.3195909088793077,0.4563460479733684,0.07571716974562721,0.08919555347508987,0.32355854290045694,0.4636465903386252,1.0
GraphSAGE,graphsage,val,flat,0.16782542566555286,0.0005070999905001372,0.11790619369828326,0.21167339485026831,0.31355474700254976,0.4611469094801829,0.695781697285319,0.316907260363904,0.4656666700974949,0.3213753348024593,0.4715778629939203,0.30670394064138357,0.45193609379720046,
GraphSAGE,graphsage,test,flat,0.19568819525571293,0.0005070999905001372,0.11322369909500915,0.20839674157997565,0.31336048957026386,0.4682322447753055,0.7031728146319839,0.3145579222493434,0.47676615350651114,0.30510050420391965,0.46189627538792166,0.31342226283204394,0.4567260522930059,1.0
GAT,gat,val,flat,0.16860794550850225,0.0006358999817166477,0.1197915337873029,0.21415760319939875,0.31738497483418415,0.47396803139939775,0.704437268994196,0.3226591625445726,0.4824084857089189,0.33417894314069496,0.5076790424187823,0.30560002367923605,0.4535750890428806,
GAT,gat,test,flat,0.1536190692347524,0.0006358999817166477,0.11570326754157013,0.22476266588856028,0.328584054394553,0.47455011012759907,0.7126722413213117,0.3394965519516753,0.4888803614394106,0.31527636534699677,0.46256462571221857,0.31505469299316075,0.45553487016956346,1.0
LightGCN,lightgcn,val,flat,0.15991555051677242,0.0002699999895412475,0.12247583751159505,0.2165299874932115,0.3260361371088532,0.47733778194508303,0.7069852845098553,0.3316683698492252,0.48474262229023196,0.3579603867549959,0.5216648759770002,0.31031316031189426,0.4561380534132117,
LightGCN,lightgcn,test,flat,0.15552553916973708,0.0002699999895412475,0.1198478564842237,0.22465888171655612,0.33343384763261447,0.4800255062187452,0.7150526926736022,0.3422956977802833,0.49380276050793503,0.35417780076753264,0.5055754675030255,0.31527176164892673,0.45331313857828454,1.0
Hybrid (id+content+graph),hybrid,val,flat,0.16477684448494298,0.00024950000806711614,0.1202264606611013,0.21850808842454528,0.33297590628158,0.48120145218733296,0.7173767331358215,0.3319608861151657,0.48203833556496184,0.3637167743821751,0.502788765144346,0.32762384191387717,0.4750871667630719,
Hybrid (id+content+graph),hybrid,test,flat,0.15319023836588025,0.00024950000806711614,0.1209466558070841,0.22039034508471378,0.33498661738658303,0.481913847283282,0.7145597896185543,0.33356245518111877,0.48138325210796845,0.36138223280052867,0.5069932435939397,0.3311445210278387,0.4770154171265834,1.0
