model,train_fraction,recall@20,ndcg@20,warm/recall@20,sparse/recall@20,cold/recall@20,coverage@10,train_time_s,recall@20_std,ndcg@20_std,warm/recall@20_std,sparse/recall@20_std,cold/recall@20_std,coverage@10_std,train_time_s_std,n_seeds
Popularity,1.0,0.1004108915542953,0.272552087861525,0.092736564733519,0.0899686405129881,0.1144285908930288,0.0318402590393955,0.0035411000135354,,,,,,,,1
Popularity,0.5,0.10141630865433084,0.2732632522361072,0.0941486505750293,0.09057467002257742,0.11490786349775084,0.03139053786652266,0.00287693333424,0.0006279299698725715,0.0006987565007306726,0.0011953565058199045,0.0011499201522406344,0.0008301245020544402,0.00015578798413104435,0.0003158850575572976,3
Popularity,0.2,0.09999631560894377,0.27178770408886144,0.0923002776157502,0.09001871700548991,0.11394128508164598,0.031390537866522704,0.0014693999934630667,0.00040958523208546626,0.0007475456901607293,0.0011936729982401943,0.0010953506581036694,0.0008440384241385885,0.0003115759682620276,0.0004570861011806713,3
Popularity,0.1,0.0982471043722587,0.26888979283011305,0.09036392107471793,0.08606611907991779,0.11297708004902897,0.03139053786652273,0.0010814666748046333,0.0021758044493027295,0.0019319864689314402,0.0035641204929954947,0.005296177525477936,0.0013038960430077164,0.0011234031297712352,0.00047067351380827654,3
ItemKNN,1.0,0.111049331290995,0.2934379161527109,0.1080606165054973,0.1161282596236599,0.1144285908930288,0.0920129519697787,1.4422704000025988,,,,,,,,1
ItemKNN,0.5,0.10738092004998101,0.28604503462370706,0.10413726148239628,0.09592219231956506,0.11490786349775084,0.09183306350062957,1.3458249333295196,0.0016556458942428535,0.002820983907432595,0.002102969384539522,0.00482810987089633,0.0008301245020544402,0.005303660006406032,0.09769069749678898,3
ItemKNN,0.2,0.0955402514086518,0.26429895134664705,0.08684665519089263,0.07262312194313904,0.11394128508164598,0.10496492174851586,1.1235658333268173,0.002080653245506621,0.0012401214587042307,0.004250508143563601,0.006453811954729113,0.0008440384241385885,0.001888828926065842,0.0811319275789633,3
ItemKNN,0.1,0.08228463796070076,0.2360153431970602,0.06372141716077252,0.07116155055264194,0.11297708004902897,0.15092642561611797,1.0484446666572087,0.0032639820884811273,0.0021492839684769433,0.006654130359872942,0.0029468847447031528,0.0013038960430077164,0.0025071703300533076,0.04379561620478993,3
MF-BPR,1.0,0.11427429996688525,0.29482830007486943,0.1167681362539224,0.10666740557212107,0.11222073304797774,0.12556215146609098,45.98701756672623,0.002345372646334322,0.0031262711806698358,0.003409720009368819,0.005260308072054148,0.0011588094175962972,0.020550436985360084,4.254658921610506,3
MF-BPR,0.5,0.11061064307109543,0.2818514597060316,0.11060704725025004,0.0964859530404833,0.11382825533585046,0.14525993883792046,46.390535799980476,0.0012247008353828306,0.0032444781538144376,0.0022726113762237886,0.002814161848050308,0.0006845643654132327,0.02668798677121649,5.955673303491595,3
MF-BPR,0.2,0.09744146899138596,0.26058640647384523,0.09063724141254641,0.07510098560240176,0.1128449397648772,0.061252023745277905,13.90593166660013,0.003442460198370816,0.003993458073878694,0.005430021084960432,0.007367309689386717,0.00011719968735720262,0.006170856247182581,0.6143228735804682,3
MF-BPR,0.1,0.08880139817906524,0.24429853263165002,0.07583517921369264,0.07570910365405997,0.11145026464779369,0.0877855729447742,11.155170599997897,0.005007576176469624,0.004678660623535142,0.00748848084037566,0.012724043835265085,0.0007028864927113666,0.0028852338428396037,0.09087447515233088,3
Two-Tower,1.0,0.11773495992930756,0.28265746049567037,0.1209081718539483,0.1314019357189925,0.10981270622230739,0.19688792948372005,73.00760926663254,0.0026730938747577346,0.0037339343070309466,0.003018055609335154,0.009602185377874765,0.000968650682462691,0.01168202145203563,26.847246267725115,3
Two-Tower,0.5,0.11300301321890606,0.27685704223467733,0.11478482207331465,0.11486520916027958,0.10987628045935079,0.18843317143371108,61.615053499971204,0.001911322318347842,0.0036386891154542725,0.003355592160393938,0.004609625376294956,0.001492352110920869,0.011146192068236421,6.685147079571207,3
Two-Tower,0.2,0.10118855627982942,0.26449345531023843,0.09867869708140493,0.09411118286499337,0.10660584503034587,0.08985429033998917,18.798231933285326,0.0033899468379521244,0.0037873095189734033,0.005561242697358942,0.0032307962285703083,0.0006105994085474593,0.03993524015110636,1.755388055209049,3
Two-Tower,0.1,0.0960263766688841,0.2548500317527625,0.09095160108765914,0.09486355825744464,0.10398993259440316,0.0766324878575283,10.110043866676278,0.001532387569047477,0.0057086794605800805,0.002987577697370661,0.007531625364353347,0.0013813559570100885,0.02437024056111298,1.019841040666517,3
Node2Vec,1.0,0.10401266836829047,0.2637004790332375,0.10960413914286486,0.0174187748776485,0.11522235047919116,0.21397733405288719,94.07273503337638,0.004337364801374486,0.0035529210395271998,0.007649454457174313,0.008822759457137473,0.0007305052287008373,0.013793176383305003,27.865680124081774,3
Node2Vec,0.5,0.09923911298028909,0.2557276840114863,0.10062433806395132,0.020118195012737764,0.1151307715344565,0.2375427235114229,66.21218460002758,0.0024145248644858053,0.001654044620300122,0.004152800296647649,0.0015487929923249195,0.0007167008143199952,0.0012751796077314665,6.322785007626693,3
Node2Vec,0.2,0.08859684663669613,0.23621427314652962,0.08051924254181723,0.03056141386775456,0.11404974316734655,0.28161539845295913,45.37824726671291,0.001294833105699482,0.004057615102714953,0.0027792059925117866,0.0013319410312575455,0.0019425346931723445,0.007831349001993249,8.106182152357654,3
Node2Vec,0.1,0.07546755996727723,0.21172310864144936,0.058884474263193536,0.043416180256994064,0.10791526543998557,0.3050908436769203,37.52366910000759,0.003389659158582236,0.003322297798896681,0.007941334456287018,0.0015364331630659293,0.004779763182773967,0.0077566147373090396,6.0151158159732425,3
GraphSAGE,1.0,0.11231146039072387,0.28851290430747395,0.11152274651133054,0.1119393626681376,0.1135926653533823,0.1663968339629429,68.08766120002838,0.0009712464651724014,0.0028394003707916354,0.00043620386817989193,0.0039941118280672995,0.0028018164917155137,0.02215971131942286,11.299821677180276,3
GraphSAGE,0.5,0.0993629127805512,0.2627506894022432,0.09569489868754133,0.0882039227575528,0.10746549575555016,0.0636805180787911,19.83176060000551,0.004207945948897271,0.011413025615581537,0.0016076760395207826,0.01215451448044616,0.010417706898968605,0.05678616267877686,9.913844767858246,3
GraphSAGE,0.2,0.0994932710487766,0.2644919597783844,0.09466432234933982,0.09157949942189363,0.1086191381683659,0.03220003597769377,7.943768166645896,0.0019137595987466184,0.005375144386701575,0.0039021393713511102,0.004076800269101193,0.0034773516187897257,0.002095912969550435,2.903073290881949,3
GraphSAGE,0.1,0.09577280403191812,0.2584992047653872,0.08809582413983659,0.08707376338201421,0.10939809741162737,0.031750314804820934,3.82323856667305,0.002654433486951685,0.0038810063782043613,0.004523693530785132,0.004894237312386786,0.0006968722956314086,0.003241737954837224,0.3805104280507358,3
GAT,1.0,0.11385569601602812,0.2860979565670403,0.11496905751072069,0.11311205656871624,0.11233569175353103,0.208041014570966,114.7782236666729,0.0017249531678054765,0.001825984837938584,0.0031410087984023714,0.0025300512314694623,0.00029320387003538154,0.017900710513353447,12.985003615855742,3
GAT,0.5,0.11209341301948557,0.28330880610762077,0.11426481401628613,0.10159502966463052,0.11118658965332535,0.1409426155783414,45.244074999946555,0.0025584271453146525,0.005494226817624512,0.002787916341986722,0.016156994416777565,0.0012294932905592235,0.00924677476781145,18.00027401268596,3
GAT,0.2,0.10426525577402627,0.2718597572460099,0.10160124516850387,0.0931737700368801,0.11082927952387388,0.1190861665767224,14.588130933242306,0.004013569649033595,0.007326334648696523,0.007666656989800321,0.011528558626349075,0.003558652461657758,0.05002638169798049,3.6021108518329896,3
GAT,0.1,0.09751808934894363,0.258641120259613,0.0929157763398501,0.08259058973975196,0.1078951420184127,0.03228998021226833,4.059647133321657,0.001523599887626062,0.005947258516446198,0.003636107835636642,0.00616321439280704,0.0009590173726966351,0.0031040535935847086,0.24698433734232653,3
LightGCN,1.0,0.12089107776012527,0.2981984726861076,0.12490438074429495,0.13273999636189396,0.1121077456379454,0.15965101636985066,54.83739349996904,0.0015881679650685528,0.0019109199202218944,0.0035555078102211288,0.001778357743824223,0.0011458250776085106,0.006660733434637049,6.268675134284538,3
LightGCN,0.5,0.11630120183759869,0.29351742662225117,0.11788066694277004,0.11422049301432675,0.11437812469703927,0.13041914013311742,30.451058466724742,0.0023203904160156693,0.0011951792284441128,0.0042342257055818225,0.006461913367560149,0.0014018203784641541,0.02679145711208217,12.542406116769326,3
LightGCN,0.2,0.10906153651022917,0.28097870381582046,0.10782453229633944,0.0990329929912472,0.11321887211474624,0.11225040474905552,10.43101079998693,0.0014919997096687172,0.004102542440052357,0.0035389214029215746,0.0060613252099821005,0.0016737570877054188,0.034109031128623755,0.4661713244851103,3
LightGCN,0.1,0.09993175339741622,0.2678602677827624,0.09383438281637742,0.08340656902795134,0.11294034508569302,0.06449001618996217,3.76707879997169,0.001133115582865413,0.0027037266827745236,0.0002781309373768838,0.0016135031510170377,0.0025977112824240533,0.009814643000255387,1.1618661960230436,3
Hybrid (id+content+graph),1.0,0.1223782516196002,0.2988127350370961,0.12617454974277517,0.1349922994478767,0.11375014359015971,0.15083648138154337,41.77689436666939,0.002525886365474802,0.001395280455664791,0.0045658640341177635,0.010708571348722917,0.0016774529355409631,0.004342546394881559,5.53332883613278,3
Hybrid (id+content+graph),0.5,0.11659854685160627,0.29265828307687,0.11771708572434936,0.12498138154210785,0.1129951968097604,0.1269113149847094,16.012986666697543,0.002566706671622802,0.0008943396939952944,0.0054257208203539395,0.004073479652939122,0.0008017098092500159,0.01296414400557617,2.8971725184306734,3
Hybrid (id+content+graph),0.2,0.11156774969771104,0.2854196766566618,0.10993992827052886,0.1092288417516001,0.11456927404382887,0.12646159381183664,8.713938266650075,0.0014505693577417965,0.001640769150057181,0.003245984218396279,0.009564987683833969,0.0032923427671334273,0.02601659334988328,2.286321893281029,3
Hybrid (id+content+graph),0.1,0.10715295057350364,0.2759187874924586,0.1036661702679066,0.10380822811587183,0.11320350119105149,0.12637164957726207,4.439846000013252,0.0021228150754208338,0.0036919873691537404,0.001851383368943001,0.010842774196667328,0.0015225171961251083,0.012035062913241771,1.2835294699446786,3
